,playlist,names,ids,singers,singerids,albums,Language
0,唔係咁打嘅喜欢的音乐,How Long,509728806,Charlie Puth,90331,Voicenotes,en
1,唔係咁打嘅喜欢的音乐,Uptown Funk,29722263,Mark Ronson,38898,Uptown Funk,en
2,唔係咁打嘅喜欢的音乐,Skin,455653437,Rag'N'Bone Man,1053202,Skin,en
3,唔係咁打嘅喜欢的音乐,Dusk Till Dawn,504265014,ZAYN,1108049,Dusk Till Dawn,en
4,唔係咁打嘅喜欢的音乐,Glitter & Gold,457761477,Barns Courtney,1161189,The Dull Drums,en
5,唔係咁打嘅喜欢的音乐,Dream It Possible,38592976,Delacey,489045,Dream It Possible,en
6,唔係咁打嘅喜欢的音乐,Booty Music,2526625,Deep Side,55350,Git Fresh,en
7,唔係咁打嘅喜欢的音乐,Animals,28987626,Maroon 5,96266,Animals,en
8,唔係咁打嘅喜欢的音乐,Moves Like Jagger,21253966,Maroon 5,96266,Moves Like Jagger,en
9,唔係咁打嘅喜欢的音乐,Maps,28661564,Maroon 5,96266,Maps,en
10,唔係咁打嘅喜欢的音乐,Wannabe,501220770,Why Mona,15008055,Wannabe,en
11,唔係咁打嘅喜欢的音乐,Samsara,33291435,Tungevaag & Raaban,1090022,Mujeres y Hombres y Viceversa: Los Hits del Verano 2015,en
12,唔係咁打嘅喜欢的音乐,Shape of You,451703096,Ed Sheeran,33184,Shape of You,en
13,唔係咁打嘅喜欢的音乐,Don't Let Me Down,402070862,The Chainsmokers,893484,Don't Let Me Down,en
14,唔係咁打嘅喜欢的音乐,This Is the Life,29732659,Angie Miller,756064,Weathered,en
15,唔係咁打嘅喜欢的音乐,I Want My Tears Back,21311956,Nightwish,97516,Imaginaerum,en
16,唔係咁打嘅喜欢的音乐,East of Eden,29009655,Zella Day,900106,East of Eden,en
17,唔係咁打嘅喜欢的音乐,Hall of Fame,19542337,The Script,102028,#3 Deluxe Version,en
18,唔係咁打嘅喜欢的音乐,Without You,496869523,Avicii,45236,AVĪCI (01),en
19,唔係咁打嘅喜欢的音乐,Waiting For Love,31356499,Avicii,45236,Waiting For Love,en
20,唔係咁打嘅喜欢的音乐,Wake Me Up,27713920,Avicii,45236,True,en
21,唔係咁打嘅喜欢的音乐,Waiting For Tremor (COOL BROS Edit),34766855,COOL BROS,1150252,Waiting For Tremor (COOL BROS Edit),en
22,唔係咁打嘅喜欢的音乐,The Nights,29771146,Avicii,45236,The Days / Nights (EP),en
23,唔係咁打嘅喜欢的音乐,Lonely Together,496869520,Avicii,45236,AVĪCI (01),en
24,唔係咁打嘅喜欢的音乐,Waiting for Love,32196550,Avicii,45236,Waiting for Love,en
25,唔係咁打嘅喜欢的音乐,Die Young,25704014,Kesha,63901,Die Young,en
26,唔係咁打嘅喜欢的音乐,Free Loop (Vocal Up Version),17271180,Daniel Powter,31187,Free Loop,en
27,唔係咁打嘅喜欢的音乐,We Found Love,3313334,Rihanna,72724,We Found Love (The Remixes),en
28,唔係咁打嘅喜欢的音乐,Bang Bang,28850212,Jessie J,62662,Bang Bang,en
29,唔係咁打嘅喜欢的音乐,Me and You,4160632,Lucky Twice,95589,Young & Clever,en
30,唔係咁打嘅喜欢的音乐,Worth It,30212890,Fifth Harmony,794152,Reflection,en
31,唔係咁打嘅喜欢的音乐,FRIENDS,535024262,Marshmello,1060019,FRIENDS,en
32,唔係咁打嘅喜欢的音乐,Alone,412785957,Marshmello,1060019,Alone,en
33,唔係咁打嘅喜欢的音乐,Always Getting Over You,2118992,Angela Ammons,46511,Angela Ammons,en
34,唔係咁打嘅喜欢的音乐,Oops,441491080,Little Mix,96072,Glory Days (Deluxe Concert Film Edition),en
35,唔係咁打嘅喜欢的音乐,I Am You,2919622,Kim Taylor,63943,I Am You,en
36,唔係咁打嘅喜欢的音乐,There For You,480426313,Martin Garrix,780003,There For You,en
37,唔係咁打嘅喜欢的音乐,See You Again,30953009,Wiz Khalifa,46006,Furious 7: Original Motion Picture Soundtrack (Deluxe),en
38,唔係咁打嘅喜欢的音乐,Seve,30394891,Tez Cadey,488571,Seve,en
39,唔係咁打嘅喜欢的音乐,Legends Never Die,506196018,Against the Current,783418,Legends Never Die,en
40,唔係咁打嘅喜欢的音乐,Despacito (Remix),472361096,Luis Fonsi,38154,Despacito (Remix),en
41,唔係咁打嘅喜欢的音乐,Please Don't Go,37653063,Joel Adams,1188100,Please Don't Go,en
42,唔係咁打嘅喜欢的音乐,Swagger (Original Mix),512296051,OMFG,33609515,Swagger,en
43,唔係咁打嘅喜欢的音乐,Five More Hours,30830919,Deorro,366358,Five More Hours (Deorro x Chris Brown),en
44,唔係咁打嘅喜欢的音乐,Flower Dance,406238,DJ Okawari,13950,A Cup Of Coffee,en
45,唔係咁打嘅喜欢的音乐,It Ain't Me,460043372,Kygo,844410,It Ain't Me,en
46,唔係咁打嘅喜欢的音乐,Whistle,17793698,Flo Rida,56783,Whistle,en
47,唔係咁打嘅喜欢的音乐,DJ Got Us Fallin' In Love,24300493,Usher,45564,Now That's What I Call Music! 77,en
48,唔係咁打嘅喜欢的音乐,Here With You,27583305,Asher Monroe,28727,Here With You,en
49,唔係咁打嘅喜欢的音乐,Five Hours,28263911,Deorro,366358,Five Hours,en
50,唔係咁打嘅喜欢的音乐,Happy,32639048,Dogena,1049091,Happy,en
51,唔係咁打嘅喜欢的音乐,Lighters,1297483,Eminem,32665,Marshall Carter,en
52,唔係咁打嘅喜欢的音乐,Hope (Original Mix),28921655,Tobu,964486,Hope,en
53,唔係咁打嘅喜欢的音乐,Nevada,418602088,Vicetone,747030,Nevada,en
54,唔係咁打嘅喜欢的音乐,Windfall,29774609,TheFatRat,1019952,Windfall,en
55,唔係咁打嘅喜欢的音乐,Energy Drink,27542857,Virtual Riot,813244,Energy Drink,en
56,唔係咁打嘅喜欢的音乐,Lucky Strike,21253809,Maroon 5,96266,Overexposed (Deluxe Version),en
57,唔係咁打嘅喜欢的音乐,Don't Wanna Know,461544126,Maroon 5,96266,BRIT Awards 2017,en
58,唔係咁打嘅喜欢的音乐,One More Night,21253806,Maroon 5,96266,Overexposed (Deluxe Version),en
59,唔係咁打嘅喜欢的音乐,Payphone,4172700,Maroon 5,96266,Payphone,en
60,唔係咁打嘅喜欢的音乐,Sugar,29019227,Maroon 5,96266,V,en
61,唔係咁打嘅喜欢的音乐,Counting Stars,26060065,OneRepublic,98105,Native (Deluxe Version),en
62,唔係咁打嘅喜欢的音乐,Secrets,20200923,OneRepublic,98105,Secrets,en
63,唔係咁打嘅喜欢的音乐,Stranger Things (Alan Walker Remix),536243886,Kygo,844410,Kids in Love (Remixes),en
64,唔係咁打嘅喜欢的音乐,Love Runs Out,28406990,OneRepublic,98105,Love Runs Out,en
65,唔係咁打嘅喜欢的音乐,Call Me Maybe,17112299,Carly Rae Jepsen,50934,Call Me Maybe,en
66,唔係咁打嘅喜欢的音乐,Vagrant,34613621,Feint,93062,Vagrant,en
67,唔係咁打嘅喜欢的音乐,I Really Like You,30841076,Carly Rae Jepsen,50934,I Really Like You,en
68,唔係咁打嘅喜欢的音乐,After the Afterparty,437605840,Charli XCX,53092,After the Afterparty,en
69,唔係咁打嘅喜欢的音乐,What Do You Mean?,34228719,Justin Bieber,35531,What Do You Mean?,en
70,唔係咁打嘅喜欢的音乐,2U (feat. Justin Bieber),482988471,David Guetta,31211,2U (feat. Justin Bieber),en
71,唔係咁打嘅喜欢的音乐,My Soul,5308028,July,123825,Time...,en
72,唔係咁打嘅喜欢的音乐,Where is the Love?,26936681,Black Eyed Peas,88146,Grammy Nominees 2004,en
73,唔係咁打嘅喜欢的音乐,Waka Waka (This Time for Africa),3406393,Shakira,74623,Waka Waka (This Time For Africa),en
74,唔係咁打嘅喜欢的音乐,The One Thing,28308689,Shakira,74623,Shakira.,en
75,唔係咁打嘅喜欢的音乐,Perro Fiel,480575052,Shakira,74623,El Dorado,en
76,唔係咁打嘅喜欢的音乐,Something Just Like This,461347998,The Chainsmokers,893484,Something Just Like This,en
77,唔係咁打嘅喜欢的音乐,Hymn For The Weekend [Remix],419594258,Alan Walker,1045123,Hymn For The Weekend [Remix],en
78,唔係咁打嘅喜欢的音乐,Viva La Vida,3986017,Coldplay,89365,Viva La Vida or Death and All His Friends,en
79,唔係咁打嘅喜欢的音乐,Yellow,17177324,Coldplay,89365,Yellow,en
80,唔係咁打嘅喜欢的音乐,A Sky Full of Stars,28528999,Coldplay,89365,Ghost Stories,en
81,唔係咁打嘅喜欢的音乐,21 Guns,18127640,Green Day,93187,21st Century Breakdown (Deluxe Edition),en
82,唔係咁打嘅喜欢的音乐,This Is What You Came For,411314681,Calvin Harris,29968,This Is What You Came For,en
83,唔係咁打嘅喜欢的音乐,Take a Bow,3314177,Rihanna,72724,Good Girl Gone Bad,en
84,唔係咁打嘅喜欢的音乐,Take a bow,5148849,Rihanna,72724,Hitzone 47,en
85,唔係咁打嘅喜欢的音乐,Umbrella,21563094,Rihanna,72724,Good Girl Gone Bad: Reloaded,en
86,唔係咁打嘅喜欢的音乐,Enchanted,1807794,Owl City,40859,Enchanted,en
87,唔係咁打嘅喜欢的音乐,Shots (Broiler Remix),31789010,Imagine Dragons,94779,Shots,en
88,唔係咁打嘅喜欢的音乐,Everybody,18374823,Ingrid Michaelson,60351,Everybody,en
89,唔係咁打嘅喜欢的音乐,Afterlife,28402350,Ingrid Michaelson,60351,Lights Out,en
90,唔係咁打嘅喜欢的音乐,Outside,29561077,Calvin Harris,29968,Motion,en
91,唔係咁打嘅喜欢的音乐,Dirty Sexy Money (feat. Charli XCX & French Montana),516750166,David Guetta,31211,Dirty **** Money (feat. Charli XCX & French Montana),en
92,唔係咁打嘅喜欢的音乐,All We Know,432698441,The Chainsmokers,893484,All We Know,en
93,唔係咁打嘅喜欢的音乐,That's What I Like (Alan Walker Remix),474038112,Bruno Mars,178059,That's What I Like (Alan Walker Remix),en
94,唔係咁打嘅喜欢的音乐,The Wicked Ones,29844516,DOROTHY,1044136,DOROTHY - EP,en
95,唔係咁打嘅喜欢的音乐,Shades Of Grey (DFLV Remix),33789178,DFLV,1086096,Shades Of Grey (DFLV Remix),en
96,唔係咁打嘅喜欢的音乐,Fire,28923579,Gavin DeGraw,33856,Fire,en
97,唔係咁打嘅喜欢的音乐,Blut Im Auge (acoustic version Sagas),29910042,Equilibrium,55529,Rekreatur,en
98,唔係咁打嘅喜欢的音乐,My Dilemma,19192338,Selena Gomez & The Scene,100213,When The Sun Goes Down,en
99,唔係咁打嘅喜欢的音乐,The Day You Went Away,3026369,M2M,66344,The Day You Went Away: The Best of M2M,en
100,唔係咁打嘅喜欢的音乐,Hit and Run,28987151,Lolo,65214,Hit and Run,en
101,唔係咁打嘅喜欢的音乐,The Final Countdown,5111461,Europe,55531,100 Party Hits,en
102,唔係咁打嘅喜欢的音乐,Stupid,3780390,Tone Damli Aaberge,83122,Cocool,en
103,唔係咁打嘅喜欢的音乐,League of Legends Epic Dubstep(LOL Remix),32341324,ThimLife,1046016,最新热歌慢摇98,en
104,唔係咁打嘅喜欢的音乐,Take Me To Your Heart,4173190,Michael Learns To Rock,96269,Take Me to Your Heart,en
105,唔係咁打嘅喜欢的音乐,Hero (feat. Christina Perri),418603096,Cash Cash,50905,"Blood, Sweat & 3 Years",en
106,唔係咁打嘅喜欢的音乐,Ghost (Lost Kings Remix),31245090,Halsey,964321,Room 93: The Remixes,en
107,唔係咁打嘅喜欢的音乐,50 Ways to Say Goodbye,21803760,Train,44343,California 37,en
108,唔係咁打嘅喜欢的音乐,Me and My Broken Heart,28308080,Push Baby,840899,Me and My Broken Heart,en
109,唔係咁打嘅喜欢的音乐,Summertrain,17996972,Greyson Chance,34327,Hold On ‘Til The Night,en
110,唔係咁打嘅喜欢的音乐,Summer Vibe,4433364,Walk off the Earth,105493,Summer Vibe,en
111,唔係咁打嘅喜欢的音乐,Wonderful U (Demo Version),406475394,AGA,768208,Ginadoll,en
112,唔係咁打嘅喜欢的音乐,Symphony,464674427,Zara Larsson,816461,So Good,en
113,唔係咁打嘅喜欢的音乐,Brother Louie,4175444,Modern Talking,96282,Das Nr. 1 Album,en
114,唔係咁打嘅喜欢的音乐,Nothing On You,5100769,B.o.B,129271,Essential R&B - Summer 2010,en
115,唔係咁打嘅喜欢的音乐,Marry You,25657282,Bruno Mars,178059,Doo-Wops & Hooligans,en
116,唔係咁打嘅喜欢的音乐,Just the Way You Are,5093684,Bruno Mars,178059,The Brit Awards Album 2011,en
117,唔係咁打嘅喜欢的音乐,Treasure,25657233,Bruno Mars,178059,Unorthodox Jukebox,en
118,唔係咁打嘅喜欢的音乐,That's What I Like,441120471,Bruno Mars,178059,24K Magic,en
119,唔係咁打嘅喜欢的音乐,for him.,37955044,Troye Sivan,45129,Blue Neighbourhood (Deluxe),en
120,唔係咁打嘅喜欢的音乐,Burn,28148942,Angelika Vee,904230,Nero Bianco - Best of Chill out 2013,en
121,唔係咁打嘅喜欢的音乐,This Is Me,5043468,Demi Lovato,53236,Camp Rock (Soundtrack),en
122,唔係咁打嘅喜欢的音乐,Counting Sheep,31081299,SAFIA,986155,Counting Sheep,en
123,唔係咁打嘅喜欢的音乐,Are You With Me,29806043,Lost Frequencies,1039114,Are You With Me,en
124,唔係咁打嘅喜欢的音乐,Break Up In A Small Town,29592100,Sam Hunt,942264,Montevallo,en
125,唔係咁打嘅喜欢的音乐,Smile,32341765,Dami Im,847171,Smile,en
126,唔係咁打嘅喜欢的音乐,Believer (Kaskade Remix),483156032,Imagine Dragons,94779,Believer (Kaskade Remix),en
127,唔係咁打嘅喜欢的音乐,Aloha Heja He,32337953,Achim Reichel,47097,Melancholie und Sturmflut (Bonus Tracks Edition),en
128,唔係咁打嘅喜欢的音乐,Moshi Moshi,509728841,Poppy,12441148,Poppy.Computer,en
129,唔係咁打嘅喜欢的音乐,Galway Girl,460043704,Ed Sheeran,33184,÷ (Deluxe),en
130,唔係咁打嘅喜欢的音乐,Edge Of The Night,485918020,Sheppard,200742,Edge Of The Night,en
131,唔係咁打嘅喜欢的音乐,We Will Rock You,1869271,Queen,41906,Queen Rocks,en
132,唔係咁打嘅喜欢的音乐,Look At Me Now,28188171,Charlie Puth,90331,Ego,en
133,唔係咁打嘅喜欢的音乐,Lone Ranger,29803676,Rachel Platten,74518,Fight Song,en
134,唔係咁打嘅喜欢的音乐,Lights Out (Go Crazy),17800819,Far East Movement,92526,Dirty Bass (Deluxe),en
135,唔係咁打嘅喜欢的音乐,This Girl (Kungs Vs. Cookin' On 3 Burners),404276447,Kungs,1135041,This Girl (Kungs Vs. Cookin' On 3 Burners),en
136,唔係咁打嘅喜欢的音乐,Be With You,31578675,Leslie Clio,783590,Eureka,en
137,唔係咁打嘅喜欢的音乐,Ferrari,550936829,Bebe Rexha,336466,Expectations,en
138,唔係咁打嘅喜欢的音乐,Better Than A Hallelujah,22450237,Amy Grant,46678,Premiere Performance Plus: Better Than A Hallelujah,en
139,唔係咁打嘅喜欢的音乐,I Hate Myself for Loving You,4132379,Joan Jett & the Blackhearts,94968,Greatest Hits,en
140,唔係咁打嘅喜欢的音乐,Valder Fields,2001320,Tamas Wells,44262,A Plea en Vendredi,en
141,唔係咁打嘅喜欢的音乐,Ice Cream,5145728,DnR,226558,Strawberry Love,en
142,唔係咁打嘅喜欢的音乐,Fever,26685247,Cascada,50900,Hitzone 52,en
143,唔係咁打嘅喜欢的音乐,Escape,29593193,Megan Nicole,69097,Escape,en
144,唔係咁打嘅喜欢的音乐,GQ,410654865,Lola Coca,12040030,GQ,en
145,唔係咁打嘅喜欢的音乐,Legend,471411253,The Score,212904,Myths & Legends,en
146,唔係咁打嘅喜欢的音乐,Stay,461518855,Zedd,46376,Stay,en
147,唔係咁打嘅喜欢的音乐,Take Me Home Country Roads,1477670,John Denver,35341,Take Me Home: The John Denver Story,en
148,唔係咁打嘅喜欢的音乐,Ain't No Mountain High Enough,28876118,Marvin Gaye,38866,Guardians of the Galaxy: Awesome Mix Vol. 1,en
149,唔係咁打嘅喜欢的音乐,Be Mine,442979301,Ofenbach,1137428,Be Mine,en
150,唔係咁打嘅喜欢的音乐,The Party Troll,38358820,D1ofaquavibe,1058211,The Party Troll,en
151,唔係咁打嘅喜欢的音乐,Typical Me,34248355,Ella Eyre,860517,Feline,en
152,唔係咁打嘅喜欢的音乐,Still the One,427416524,Ingrid Michaelson,60351,It Doesn't Have To Make Sense,en
153,唔係咁打嘅喜欢的音乐,Bailemen Swing,30148832,The Shanghai Restoration Project,31286,Mungbean Mash,en
154,唔係咁打嘅喜欢的音乐,Runaway Baby,25657277,Bruno Mars,178059,Doo-Wops & Hooligans,en
155,唔係咁打嘅喜欢的音乐,Rollercoaster,419116144,Dolly Style,1057284,Melodifestivalen 2016,en
156,唔係咁打嘅喜欢的音乐,Way Back,543987451,Vicetone,747030,Way Back,en
157,唔係咁打嘅喜欢的音乐,Hold On (feat. Cheat Codes) [Radio Edit],34749984,Moguai,67465,Hold On (feat. Cheat Codes),en
158,唔係咁打嘅喜欢的音乐,Driving Home for Christmas,440310367,Campsite Dream,1146068,Driving Home for Christmas,en
159,唔係咁打嘅喜欢的音乐,Summer Vibe (Pegato Remix),33522489,Pegato,1115041, Summer Vibe (Pegato Remix),en
160,唔係咁打嘅喜欢的音乐,Hope,1333199956,The Chainsmokers,893484,Sick Boy,en
161,唔係咁打嘅喜欢的音乐,Final Song (OutaMatic Remix),427614378,OutaMatic,1181741, Final Song (OutaMatic Remix),en
162,唔係咁打嘅喜欢的音乐,Just For One Night,484365596,Blonde,584202,Just For One Night,en
163,唔係咁打嘅喜欢的音乐,Love with Your Life,422463316,Hollyn,12080054,Love with Your Life,en
164,唔係咁打嘅喜欢的音乐,Eenie Meenie,18638050,Justin Bieber,35531,My Worlds,en
165,唔係咁打嘅喜欢的音乐,Shivers,515601126,Rachel Platten,74518,Waves,en
166,唔係咁打嘅喜欢的音乐,Wild,441491410,Monogem,1078007,Wild,en
167,唔係咁打嘅喜欢的音乐,Reminding Me,472219602,Shawn Hook,44247,Reminding Me,en
168,唔係咁打嘅喜欢的音乐,Solo Dance,439076364,Martin Jensen,1060055,Solo Dance,en
169,唔係咁打嘅喜欢的音乐,Best Day Of My Life,27646851,American Authors,762135,American Authors,en
170,唔係咁打嘅喜欢的音乐,Don't,28665554,Ed Sheeran,33184,x (Deluxe Edition),en
171,唔係咁打嘅喜欢的音乐,Set Me Free,33035837,Diplo,31645,Set Me Free,en
172,唔係咁打嘅喜欢的音乐,Strip That Down,479223621,Liam Payne,12073104,Strip That Down,en
173,唔係咁打嘅喜欢的音乐,New Man,460043706,Ed Sheeran,33184,÷ (Deluxe),en
174,唔係咁打嘅喜欢的音乐,One Last Time,28977745,Ariana Grande,48161,My Everything (Deluxe Version),en
175,唔係咁打嘅喜欢的音乐,Sucker for You,520525412,Matt Terry,12214141,Trouble,en
176,唔係咁打嘅喜欢的音乐,Unstoppable,400876320,Sia,74625,This Is Acting,en
177,唔係咁打嘅喜欢的音乐,Run Free (feat. IVIE),500410102,Deep Chills,1063083,Run Free (feat. IVIE),en
178,唔係咁打嘅喜欢的音乐,Remember The Name (feat. Styles Of Beyond),1345018,Fort Minor,33358,The Rising Tied,en
179,唔係咁打嘅喜欢的音乐,Everything I Need,1331322055,Skylar Grey,74801,Aquaman (Original Motion Picture Soundtrack),en
180,唔係咁打嘅喜欢的音乐,Like I Would (Tom Budin Remix),409647737,Tom Budin,797014,Like I Would (Tom Budin Remix),en
181,唔係咁打嘅喜欢的音乐,Ho Ho Ho,518894597,Sia,74625,Everyday Is Christmas,en
182,唔係咁打嘅喜欢的音乐,Bikini Body,424155394,Dawin,1046081,Sunday,en
183,唔係咁打嘅喜欢的音乐,Ain't My Fault (R3hab Remix),433018366,Zara Larsson,816461,Aint My Fault (R3hab Remix),en
184,唔係咁打嘅喜欢的音乐,Scared To Be Lonely,456175020,Martin Garrix,780003,Scared To Be Lonely,en
185,唔係咁打嘅喜欢的音乐,Mr Johnson,36496655,Jain,1081794,Zanaka,en
186,唔係咁打嘅喜欢的音乐,Do It,27845048,The Bosshoss,103603,Flames Of Fame,en
187,唔係咁打嘅喜欢的音乐,Catch My Breath,26613394,Kelly Clarkson,62885,Remixes Big Deluxe,en
188,唔係咁打嘅喜欢的音乐,Future Funk,27639209,Varien,205718,Pick Your Poison Vol. 01,en
189,唔係咁打嘅喜欢的音乐,Starship,5065581,Nicki Minaj,70183,NRJ Summer Hits Only 2012,en
190,唔係咁打嘅喜欢的音乐,Way Back Home,863046037,SHAUN,1150188,Take,en
191,唔係咁打嘅喜欢的音乐,Changing [Goldsmyth Edition],29378196,Sigma,101736,Changing [Goldsmyth Edition],en
192,唔係咁打嘅喜欢的音乐,Steady Me (feat. Aaron Cole),507795651,Hollyn,12080054,Hollyn,en
193,唔係咁打嘅喜欢的音乐,Telescope,522444650,Tim Legend,12006158,Telescope,en
194,唔係咁打嘅喜欢的音乐,Won't Back Down (Boehm Remix),32046367,Boehm,805212,Won't Back Down (Boehm Remix),en
195,唔係咁打嘅喜欢的音乐,New Soul,19711382,Vox Angeli,83520,Irlande,en
196,唔係咁打嘅喜欢的音乐,Whatever It Takes (Miss Congeniality Remix),519342279,Imagine Dragons,94779,Whatever It Takes (Miss Congeniality Remix),en
197,唔係咁打嘅喜欢的音乐,Hello Summer (Radio Edit),424477211,Rameez,386580,Hello Summer (Radio Edit),en
198,唔係咁打嘅喜欢的音乐,Rooftops (feat. Tedashii),407459600,JJ Weeks Band,12007242,As Long as We Can Breathe,en
199,唔係咁打嘅喜欢的音乐,I Stay In Love,21233924,Mariah Carey,66355,E=MC2,en
200,唔係咁打嘅喜欢的音乐,Bye Bye,21233933,Mariah Carey,66355,E=MC2,en
201,唔係咁打嘅喜欢的音乐,Happy,26548584,Pharrell Williams,41151,Despicable Me 2 (Original Motion Picture Soundtrack),en
202,唔係咁打嘅喜欢的音乐,Attention,473817398,Charlie Puth,90331,Voicenotes,en
203,唔係咁打嘅喜欢的音乐,Your Name (The Ukulele Song),28188175,Charlie Puth,90331,Ego,en
204,唔係咁打嘅喜欢的音乐,Lil Mama,36492681,Jain,1081794,Zanaka,en
205,唔係咁打嘅喜欢的音乐,Let Her Go,18161816,Passenger,70840,All The Little Lights,en
206,唔係咁打嘅喜欢的音乐,Count on Me,25714146,Connie Talbot,50898,Beautiful World,en
207,唔係咁打嘅喜欢的音乐,I'm Yours,18611643,Jason Mraz,35332,I'm Yours,en
208,唔係咁打嘅喜欢的音乐,Better Than One,31446780,The Score,212904,The Score EP 2,en
209,唔係咁打嘅喜欢的音乐,Young Man,533943364,Justin Timberlake,35331,Man of the Woods,en
210,唔係咁打嘅喜欢的音乐,Y.M.C.A.,27491508,Village People,83529,Het Beste Uit De Top 500 Van Het Foute Uur Editie 2013,en
211,唔係咁打嘅喜欢的音乐,Sway,556053856,Tove Styrke,83188,Sway,en
212,唔係咁打嘅喜欢的音乐,Told You So,28310694,Christopher,30270,Told You So,en
213,唔係咁打嘅喜欢的音乐,Thrift Shop,25677802,Macklemore & Ryan Lewis,185545,Thrift Shop,en
214,唔係咁打嘅喜欢的音乐,Time (Official),33035611,MKJ,469200,Time After Time,en
215,唔係咁打嘅喜欢的音乐,The Saltwater Room,1807865,Owl City,40859,Hot Air Balloon-single,en
216,唔係咁打嘅喜欢的音乐,Lifted,469104847,Allie X,973030,CollXtion II,en
217,唔係咁打嘅喜欢的音乐,Demons,19945735,Imagine Dragons,94779,Night Visions (Deluxe),en
218,唔係咁打嘅喜欢的音乐,YOUTH,36668810,Troye Sivan,45129,Blue Neighbourhood (Deluxe),en
219,唔係咁打嘅喜欢的音乐,Fuerteventura,18680851,Russian Red,72726,Fuerteventura,en
220,唔係咁打嘅喜欢的音乐,All I Wanna Do,409181575,Martin Jensen,1060055,All I Wanna Do,en
221,唔係咁打嘅喜欢的音乐,All The Others,31967275,The Coronas,102594,The Long Way,en
222,唔係咁打嘅喜欢的音乐,Go Girl,1822699,Pitbull,41143,Go Girl,en
223,唔係咁打嘅喜欢的音乐,My Personal Song,27845051,The Bosshoss,103603,Flames Of Fame,en
224,唔係咁打嘅喜欢的音乐,Vision,32431822,Elektronomia,1081540,Vision,en
225,唔係咁打嘅喜欢的音乐,Wisdom,4344799,The Guggenheim Grotto,102059,The Universe Is Laughing,en
226,唔係咁打嘅喜欢的音乐,Despacito,452613551,Luis Fonsi,38154,Despacito,en
227,唔係咁打嘅喜欢的音乐,Zillionaire,423343022,Flo Rida,56783,Zillionaire,en
228,唔係咁打嘅喜欢的音乐,Superheroes,28832241,The Script,102028,Superheroes,en
229,唔係咁打嘅喜欢的音乐,Don't Look Down,31010675,Martin Garrix,780003,Don't Look Down,en
230,唔係咁打嘅喜欢的音乐,Sorry,18843242,Jonas Brothers,94966,A Little Bit Longer,en
231,唔係咁打嘅喜欢的音乐,I Like It Heavy,31426427,Halestorm,60221,Into the Wild Life (Deluxe),en
232,唔係咁打嘅喜欢的音乐,What Do I Know?,460043708,Ed Sheeran,33184,÷ (Deluxe),en
233,唔係咁打嘅喜欢的音乐,The Warrior Song,1992968,Sean Household,43821,The Warrior Song,en
234,唔係咁打嘅喜欢的音乐,Try Everything,405485737,Shakira,74623,Zootopia (Original Motion Picture Soundtrack),en
235,唔係咁打嘅喜欢的音乐,Carry You,26391022,Union J,763059,Carry You,en
236,唔係咁打嘅喜欢的音乐,The Catalyst,16686426,Linkin Park,95439,A Thousand Suns,en
237,唔係咁打嘅喜欢的音乐,Radioactive,19945726,Imagine Dragons,94779,Continued Silence EP,en
238,唔係咁打嘅喜欢的音乐,River,440317256,Charlie Puth,90331,Nine Track Mind (Deluxe Edition),en
239,唔係咁打嘅喜欢的音乐,Andas En Mi Cabeza,404276349,Chino y Nacho,90213,Andas En Mi Cabeza,en
240,唔係咁打嘅喜欢的音乐,Por Una Cabeza,2007819,Thomas Newman,44287,Scent Of A Woman,en
241,唔係咁打嘅喜欢的音乐,Danza Kuduro,24051365,Don Omar,31587,Fast and Furious 5 - Rio Heist,en
242,唔係咁打嘅喜欢的音乐,Noviembre sin ti (Album Version),18538630,Reik,41963,Reik,en
243,唔係咁打嘅喜欢的音乐,Sin Contrato,36921965,Maluma,1049649,Sin Contrato,en
244,唔係咁打嘅喜欢的音乐,Jueves,16680898,La Oreja de Van Gogh,95455,A las Cinco en el Astoria,en
245,唔係咁打嘅喜欢的音乐,Stay Here Forever,18836961,Jewel,60923,Sweet And Wild,en
246,唔係咁打嘅喜欢的音乐,We Can't Stop,29480187,Boyce Avenue,29709,"Cover Sessions, Vol. 3",en
247,唔係咁打嘅喜欢的音乐,El Amante,454053869,Nicky Jam,69608,Fénix,en
248,唔係咁打嘅喜欢的音乐,Chantaje,437802151,Shakira,74623,Chantaje,en
249,唔係咁打嘅喜欢的音乐,Hips Don't Lie,3406580,Shakira,74623,Greatest Hits,en
250,唔係咁打嘅喜欢的音乐,Little Queenie,499384058,Chuck Berry,29985,The Hitman's Bodyguard (Original Motion Picture Soundtrack),en
251,唔係咁打嘅喜欢的音乐,Revolution,471411255,The Score,212904,Myths & Legends,en
252,唔係咁打嘅喜欢的音乐,Five Hundred Miles,27759600,Justin Timberlake,35331,Inside Llewyn Davis: Original Soundtrack Recording,en
253,唔係咁打嘅喜欢的音乐,Everywhere I Go,18292651,Hollywood Undead,93780,Swan Songs,en
254,唔係咁打嘅喜欢的音乐,You Can't Have Me,20376239,The Headpins,81092,Turn It Loud,en
255,唔係咁打嘅喜欢的音乐,Won't Go Home Without You,21253900,Maroon 5,96266,It Won't Be Soon Before Long,en
256,唔係咁打嘅喜欢的音乐,Sold Out,31010566,Hawk Nelson,34518,Diamonds,en
257,唔係咁打嘅喜欢的音乐,Staring at You,27863779,Diane Birch,53326,Speak A Little Louder (Deluxe),en
258,唔係咁打嘅喜欢的音乐,Insomnia,16959121,Craig David,29959,Insomnia,en
259,唔係咁打嘅喜欢的音乐,Woman Like Me,1317251063,Little Mix,96072,Woman Like Me,en
260,唔係咁打嘅喜欢的音乐,Forever Starts Tonight,27879263,Tyler Ward,45208,Honestly (Deluxe Version),en
261,唔係咁打嘅喜欢的音乐,7 rings (Remix),1343492095,Ariana Grande,48161,7 rings (Remix),en
262,唔係咁打嘅喜欢的音乐,Beautiful Pain,27907490,Eminem,32665,The Marshall Mathers LP2 (Deluxe),en
263,唔係咁打嘅喜欢的音乐,On Your Own Again,475207761,Vitamin A,1047001,Sentimental Journeys,en
264,唔係咁打嘅喜欢的音乐,TiK ToK,2918954,Kesha,63901,Animal (Expanded Edition),en
265,唔係咁打嘅喜欢的音乐,Diamonds,21563184,Rihanna,72724,Diamonds,en
266,唔係咁打嘅喜欢的音乐,Cheap Thrills,39224884,Sia,74625,This Is Acting,en
267,唔係咁打嘅喜欢的音乐,I Just Wanna Run,4386589,The Downtown Fiction,103121,Best I Never Had,en
268,唔係咁打嘅喜欢的音乐,Genius,556203261,LSD,575566,Genius,en
269,唔係咁打嘅喜欢的音乐,Till I Collapse (NEFFEX Remix),530995221,NEFFEX,12023273,Till I Collapse (NEFFEX Remix),en
270,唔係咁打嘅喜欢的音乐,Meant to Be,497131617,Bebe Rexha,336466,All Your Fault: Pt. 2,en
271,唔係咁打嘅喜欢的音乐,One Day,21157332,Matisyahu,38945,One Day,en
272,唔係咁打嘅喜欢的音乐,The Climb,17217944,Miley Cyrus,66361,The Climb,en
273,唔係咁打嘅喜欢的音乐,Party in the U.S.A.,3028254,Miley Cyrus,66361,Party in the U.S.A.,en
274,唔係咁打嘅喜欢的音乐,Wrecking Ball,27697195,Miley Cyrus,66361,Wrecking Ball,en
275,唔係咁打嘅喜欢的音乐,Titanium,3406918,David Guetta,31211,Best Of...,en
276,唔係咁打嘅喜欢的音乐,Hello,35847388,Adele,46487,Hello,en
277,唔係咁打嘅喜欢的音乐,Someone Like You,16435049,Adele,46487,Someone Like You,en
278,唔係咁打嘅喜欢的音乐,Rolling In The Deep,16435051,Adele,46487,Rolling In The Deep,en
279,唔係咁打嘅喜欢的音乐,Million Years Ago,36871368,Adele,46487,25,en
280,唔係咁打嘅喜欢的音乐,Make You Feel My Love,16435050,Adele,46487,Make You Feel My Love,en
281,唔係咁打嘅喜欢的音乐,When We Were Young,402073823,Adele,46487,When We Were Young,en
282,唔係咁打嘅喜欢的音乐,Sing,28401218,Ed Sheeran,33184,Sing,en
283,唔係咁打嘅喜欢的音乐,What Makes You Beautiful,17753288,One Direction,98351,What Makes You Beautiful,en
284,唔係咁打嘅喜欢的音乐,Never Say Never,1519206,Justin Bieber,35531,Never Say Never,en
285,唔係咁打嘅喜欢的音乐,Sorry,35847559,Justin Bieber,35531,Sorry,en
286,唔係咁打嘅喜欢的音乐,Side To Side,456370701,Ariana Grande,48161,Crowd Pleasers,en
287,唔係咁打嘅喜欢的音乐,Poker Face,21038748,Lady Gaga,64147,Poker Face,en
288,唔係咁打嘅喜欢的音乐,Bad Romance (Radio Edit),21038694,Lady Gaga,64147,Bad Romance,en
289,唔係咁打嘅喜欢的音乐,Telephone,2923152,Lady Gaga,64147,Telephone,en
290,唔係咁打嘅喜欢的音乐,Just Dance,21038756,Lady Gaga,64147,Just Dance,en
291,唔係咁打嘅喜欢的音乐,The Cure,472045959,Lady Gaga,64147,The Cure,en
292,唔係咁打嘅喜欢的音乐,Monster,21038467,Lady Gaga,64147,The Fame Monster,en
293,唔係咁打嘅喜欢的音乐,Best Song Ever,26902779,One Direction,98351,Best Song Ever (From THIS IS US),en
294,唔係咁打嘅喜欢的音乐,Chandelier,28306668,Sia,74625,Chandelier,en
295,唔係咁打嘅喜欢的音乐,On My Own,16483438,Ashes Remain,87231,What I've Become,en
296,唔係咁打嘅喜欢的音乐,Send It (feat. Rich Homie Quan),426291544,Austin Mahone,29121,Send It (feat. Rich Homie Quan),en
297,唔係咁打嘅喜欢的音乐,Stupid Cupid,2319813,Connie Francis,50969,"Jive Connie, Jive!",en
298,唔係咁打嘅喜欢的音乐,Disturbia,3314175,Rihanna,72724,Good Girl Gone Bad,en
299,唔係咁打嘅喜欢的音乐,Blame It On The Girls,21151522,Mika,38849,Blame It On The Girls,en
300,唔係咁打嘅喜欢的音乐,Dancer,539250965,Flo Rida,56783,Dancer,en
301,唔係咁打嘅喜欢的音乐,Easily,475207754,Vitamin A,1047001,Sentimental Journeys,en
302,唔係咁打嘅喜欢的音乐,Breaks My Heart,29732303,Vitamin A,1047001,最新热歌慢摇83,en
303,唔係咁打嘅喜欢的音乐,This Is the Moment,534807064,Selectracks,761105,"Teen Pop, Vol. 1",en
304,唔係咁打嘅喜欢的音乐,Title,29343743,Meghan Trainor,69173,Title,en
305,唔係咁打嘅喜欢的音乐,Breathe,29600334,James Blunt,35329,When I Find Love Again,en
306,唔係咁打嘅喜欢的音乐,These Are The Words,18658920,James Blunt,35329,Some Kind Of Trouble,en
307,唔係咁打嘅喜欢的音乐,Sunny,29460402,Bryan Adams,29319,Tracks Of My Years (Deluxe),en
308,唔係咁打嘅喜欢的音乐,Banjo Laura,1692646,Lauris Reiniks,38686,Banjo Laura,en
309,唔係咁打嘅喜欢的音乐,La Chica del Banjo,1692652,Lauris Reiniks,38686,Banjo Laura,en
310,唔係咁打嘅喜欢的音乐,Only Dreamers,22228497,Helene Fischer,60252,Best Of,en
311,唔係咁打嘅喜欢的音乐,By Your Side,437909145,Jonas Blue,1192069,By Your Side,en
312,唔係咁打嘅喜欢的音乐,Lead On,28563070,Phillip Phillips,41847,Behind the Light (Deluxe Version),en
313,唔係咁打嘅喜欢的音乐,Bad Boy,27234788,Cascada,50900,3D (Special Edition),en
314,唔係咁打嘅喜欢的音乐,The Days (Jasmine Thompson Cover) (Bergs Remix),33735727,Bergs,1124428,The Days,en
315,唔係咁打嘅喜欢的音乐,Don't Gimme That,478110971,The Bosshoss,103603,The Very Best Of Greatest Hits (2005 - 2017) [Deluxe Version],en
316,唔係咁打嘅喜欢的音乐,Take Back My Love (Sunset Mix),1296490917,Frank Pole,12046116,Take Back My Love (Sunset Mix),en
317,唔係咁打嘅喜欢的音乐,Hotel California (2013 Remaster),26289183,Eagles,91725,The Studio Albums 1972-1979 (2013 Remaster),en
318,唔係咁打嘅喜欢的音乐,I Do,28256115,911,46396,I Do,en
319,唔係咁打嘅喜欢的音乐,Welcome to New York (Big Apple Version),488876810,A.M.7.,12598485,Welcome to New York (Big Apple Version),en
320,唔係咁打嘅喜欢的音乐,Memories,1392089153,Maroon 5,96266,Memories,en
321,唔係咁打嘅喜欢的音乐,3AM,469508217,AGA,768208,3AM,en
322,唔係咁打嘅喜欢的音乐,99 Problems,18299274,Hugo,12054237,Old Tyme Religion,en
323,唔係咁打嘅喜欢的音乐,Sk8er Boi,2117894,Avril Lavigne,46490,Sk8er Boi,en
324,唔係咁打嘅喜欢的音乐,Lalala,1373835581,Y2K,1049208,Lalala,en
325,唔係咁打嘅喜欢的音乐,Samurai 45,1379821181,MIYAVI,14732,NO SLEEP TILL TOKYO,en
326,唔係咁打嘅喜欢的音乐,Bali (with Guapdad 4000),1435977644,Rich Brian,12024301,Bali (with Guapdad 4000),en
327,唔係咁打嘅喜欢的音乐,3am,1417057277,Halsey,964321,Manic,en
328,唔係咁打嘅喜欢的音乐,7 rings,1416661689,Ariana Grande,48161,2020 GRAMMY® Nominees,en
329,唔係咁打嘅喜欢的音乐,Teeth,1385738126,5 Seconds of Summer,893624,Teeth,en
330,唔係咁打嘅喜欢的音乐,2 soon,1303019276,keshi,12544511,2 soon,en
331,唔係咁打嘅喜欢的音乐,Beautiful Mistakes,1824584848,Maroon 5,96266,Beautiful Mistakes,en
332,唔係咁打嘅喜欢的音乐,Still Waiting,4278394,Sum 41,99989,The Best Of Sum 41,en
333,唔係咁打嘅喜欢的音乐,Feelings,29019232,Maroon 5,96266,V,en
334,唔係咁打嘅喜欢的音乐,We Are The People (Official UEFA EURO 2020 Song),1843889342,Martin Garrix,780003,We Are The People (Official UEFA EURO 2020 Song),en
335,唔係咁打嘅喜欢的音乐,Mood,1464325108,24kGoldn,31081554,Mood,en
336,唔係咁打嘅喜欢的音乐,223's,1382666583,YNW Melly,13672034,223's,en
337,唔係咁打嘅喜欢的音乐,Born 2 Run,28160132,7Lions,861837,Born 2 Run,en
338,唔係咁打嘅喜欢的音乐,One Shot,439871976,Robin Thicke,41947,One Shot,en
339,唔係咁打嘅喜欢的音乐,Do It (Single Mix),27959901,The Bosshoss,103603,Do It,en
340,唔係咁打嘅喜欢的音乐,Hero,17061616,Charlotte Perrelli,51059,Hero,en
341,唔係咁打嘅喜欢的音乐,Unbelievable,32835004,Owl City,40859,Unbelievable,en
342,唔係咁打嘅喜欢的音乐,I'm a Mess,572720629,Bebe Rexha,336466,Expectations,en
343,唔係咁打嘅喜欢的音乐,Talking to the Moon,25657274,Bruno Mars,178059,It´s Better If You Don´t Understand,en
344,唔係咁打嘅喜欢的音乐,In the Name of Love,423227295,Martin Garrix,780003,In the Name of Love,en
345,唔係咁打嘅喜欢的音乐,Home,518895654,Machine Gun Kelly,40329,Bright: The Album,en
346,唔係咁打嘅喜欢的音乐,I Got You,437480940,Bebe Rexha,336466,I Got You,en
347,唔係咁打嘅喜欢的音乐,Try Try Try,1474821,Jason Mraz,35332,Try Try Try,en
348,唔係咁打嘅喜欢的音乐,Tired,479219347,Alan Walker,1045123,Tired,en
349,唔係咁打嘅喜欢的音乐,Grenade,27514868,Bruno Mars,178059,Grenade,en
350,唔係咁打嘅喜欢的音乐,Lollipop,25849538,Mika,38849,Life In Cartoon Motion (Japan Edition),en
351,唔係咁打嘅喜欢的音乐,Lay It All On Me,34852287,Rudimental,42870,We the Generation (Deluxe Edition),en
352,唔係咁打嘅喜欢的音乐,Lollipop,1695569,Mika,38849,Relax (Take It Easy) / Lollipop,en
353,唔係咁打嘅喜欢的音乐,Delicate (Sawyr And Ryan Tedder Mix),567447085,Taylor Swift,44266,Delicate (Sawyr And Ryan Tedder Mix),en
354,唔係咁打嘅喜欢的音乐,None Of My Business,1318822532,Cher Lloyd,53041,None Of My Business,en
355,唔係咁打嘅喜欢的音乐,Replay,501326901,Cire,344911,Replay,en
356,唔係咁打嘅喜欢的音乐,You Know What?,37906423,Madeline Juno,896584,Salvation,en
357,唔係咁打嘅喜欢的音乐,A Brand New Day,16612803,Lisa Miskovsky,64222,Fallingwater,en
358,唔係咁打嘅喜欢的音乐,More,2065688,Usher,45564,More,en
359,唔係咁打嘅喜欢的音乐,Driving Around,26625677,Pitbull,41143,International Takeover,en
360,唔係咁打嘅喜欢的音乐,We Are Never Ever Getting Back Together,1343458283,Taylor Swift,44266,Be My Anti-Valentine,en
361,唔係咁打嘅喜欢的音乐,Iron Man,18524183,Ramin Djawadi,41992,Iron Man (Original Motion Picture Soundtrack),en
362,唔係咁打嘅喜欢的音乐,Old Time Rock & Roll,1098827,Bob Seger,29426,Stranger in Town,en
363,唔係咁打嘅喜欢的音乐,Parties,484365611,Jake Miller,776761,2:00am in LA,en
364,唔係咁打嘅喜欢的音乐,Bad Boy,1304402380,Tungevaag & Raaban,1090022,Bad Boy,en
365,唔係咁打嘅喜欢的音乐,Shooting Stars,27108022,Bag Raiders,88332,Shooting Stars EP,en
366,唔係咁打嘅喜欢的音乐,Soldier,27969800,Samantha Jade,74738,Soldier,en
367,唔係咁打嘅喜欢的音乐,Walkashame,29984443,Meghan Trainor,69173,Title (Deluxe),en
368,唔係咁打嘅喜欢的音乐,Paloma Blanca,5223019,George Baker Selection,34025,40 Hits 1975 - 1979,en
369,唔係咁打嘅喜欢的音乐,Bitty Boppy Betty,18212701,Pink Martini,70833,Splendor in the Grass,en
370,唔係咁打嘅喜欢的音乐,I Remember,3026583,MOCCA,66349,My Diary,en
371,唔係咁打嘅喜欢的音乐,Can't Hold Us,26244634,Macklemore,40036,MTV Hits Vol.3,en
372,唔係咁打嘅喜欢的音乐,Shut up and Dance,29382788,Walk The Moon,105441,Shut up and Dance,en
373,唔係咁打嘅喜欢的音乐,Cake by the Ocean,35845278,DNCE,1150261,Swaay,en
374,唔係咁打嘅喜欢的音乐,GRRRLS,515647696,AViVA,12074178,GRRRLS,en
375,唔係咁打嘅喜欢的音乐,All of Me,27556211,John Legend,35342,Love In The Future,en
376,唔係咁打嘅喜欢的音乐,When I Was Your Man,25657229,Bruno Mars,178059,When I Was Your Man,en
377,唔係咁打嘅喜欢的音乐,As Long as You Love Me,3950792,Backstreet Boys,88148,Backstreet Boys (US Version),en
378,唔係咁打嘅喜欢的音乐,I Want It That Way,3950552,Backstreet Boys,88148,I Want It That Way,en
379,唔係咁打嘅喜欢的音乐,This Is Us,3949584,Backstreet Boys,88148,This Is Us,en
380,唔係咁打嘅喜欢的音乐,In a World Like This,26571055,Backstreet Boys,88148,In a World Like This,en
381,唔係咁打嘅喜欢的音乐,Breathless,19081569,Shayne Ward,42935,Breathless,en
382,唔係咁打嘅喜欢的音乐,Bailando,28306220,Enrique Iglesias,32662,*** and Love,en
383,唔係咁打嘅喜欢的音乐,Drop In The Ocean,35314133,Omi,938058,Me 4 U,en
384,唔係咁打嘅喜欢的音乐,Counting Down To Christmas,442991820,Campsite Dream,1146068,Counting Down To Christmas,en
385,唔係咁打嘅喜欢的音乐,Back to You,557584451,Selena Gomez,140196,Back to You,en
386,唔係咁打嘅喜欢的音乐,We Are the Champions,1868480,Queen,41906,Absolute Greatest,en
387,唔係咁打嘅喜欢的音乐,Superheroes,29307029,The Script,102028,No Sound Without Silence,en
388,唔係咁打嘅喜欢的音乐,Perfect,460043703,Ed Sheeran,33184,÷ (Deluxe),en
389,唔係咁打嘅喜欢的音乐,Come and Get Your Love,28864241,Redbone,73866,Guardians of the Galaxy (Deluxe),en
390,唔係咁打嘅喜欢的音乐,Hollaback Girl,18078228,Gwen Stefani,57958,Hollaback Girl,en
391,唔係咁打嘅喜欢的音乐,Closer,423228325,The Chainsmokers,893484,Closer,en
392,唔係咁打嘅喜欢的音乐,The Ocean,436514221,Mike Perry,195021,Dream Dance Vol.81,en
393,唔係咁打嘅喜欢的音乐,Beautiful Now,32019002,Zedd,46376,True Colors,en
394,唔係咁打嘅喜欢的音乐,All Time Low,461544312,Kurt Hugo Schneider,37962,All Time Low,en
395,唔係咁打嘅喜欢的音乐,Locked Away,406072193,OutaMatic,1181741,Locked Away (Maddie Wilson & Madilyn Paige) [OutaMatic Remix],en
396,唔係咁打嘅喜欢的音乐,What Are Words,1210461,Chris Medina,30899,What Are Words,en
397,唔係咁打嘅喜欢的音乐,Wrecking Ball,17721274,Frankmusik,33368,Do It In The AM,en
398,唔係咁打嘅喜欢的音乐,Free Loop,5253801,Daniel Powter,31187,"Cf, Movie & Drama Hits 广告，开麦拉！",en
399,唔係咁打嘅喜欢的音乐,Love You Like the Movies,29498914,Anthem Lights,86862,Escape,en
400,唔係咁打嘅喜欢的音乐,Bye Bye Bye,4164331,Lovestoned,95748,Rising Love,en
401,唔係咁打嘅喜欢的音乐,Trouble Is A Friend,16607987,Lenka,64143,Trouble Is A Friend - The Remixes,en
402,唔係咁打嘅喜欢的音乐,Stitches,31090820,Shawn Mendes,956238,Handwritten (Deluxe),en
403,唔係咁打嘅喜欢的音乐,Traveling Light,1491585,Joel Hanson,35375,Traveling Light,en
404,唔係咁打嘅喜欢的音乐,Want To Want Me,30903821,Jason Derulo,35511,Want To Want Me,en
405,唔係咁打嘅喜欢的音乐,Price Tag,18794244,Jessie J,62662,Price Tag,en
406,唔係咁打嘅喜欢的音乐,Gotta Go Home,28850418,Mirah,1049841,最新热歌慢摇73,en
407,唔係咁打嘅喜欢的音乐,Wonder What You're Doing for the Rest of Your Life,29004010,Train,44343,Bulletproof Picasso,en
408,唔係咁打嘅喜欢的音乐,Good Day,438803640,DNCE,1150261,DNCE,en
409,唔係咁打嘅喜欢的音乐,Cliche Love Song (Original Version),28576653,Basim,742069,Cliche Love Song,en
410,唔係咁打嘅喜欢的音乐,Older,1323832567,Sasha Alex Sloan,12646102,Older,en
411,唔係咁打嘅喜欢的音乐,Innocence,16431842,Avril Lavigne,46490,The Best Damn Thing (Deluxe Edition),en
412,唔係咁打嘅喜欢的音乐,Life Is Wonderful,1474868,Jason Mraz,35332,Introducing... Jason Mraz,en
413,唔係咁打嘅喜欢的音乐,When the Summer Ends,1294110653,Savoir Adore,100380,When the Summer Ends,en
414,唔係咁打嘅喜欢的音乐,Famous,522647397,Ivy Adara,12925126,Famous,en
415,唔係咁打嘅喜欢的音乐,Wildflower,552650454,Ida Red,13128157,Wildflower,en
416,唔係咁打嘅喜欢的音乐,Netflix Trip,487454619,AJR,88089,The Click,en
417,唔係咁打嘅喜欢的音乐,Turnin',28859948,Young Rising Sons,947185,Young Rising Sons,en
418,唔係咁打嘅喜欢的音乐,Where Are You Now,27896556,Union J,763059,Union J (Deluxe),en
419,唔係咁打嘅喜欢的音乐,Hypnotize Me,30987772,Taylor Berrett,45432,Great Falls,en
420,唔係咁打嘅喜欢的音乐,Everybody Hurts,16431979,Avril Lavigne,46490,Goodbye Lullaby,en
421,唔係咁打嘅喜欢的音乐,Ice cream,4872517,DnR,226558,家好月圆 电视剧原声带,en
422,唔係咁打嘅喜欢的音乐,Rains In L.A.,19168799,Scouting for Girls,74716,The Light Between Us,en
423,唔係咁打嘅喜欢的音乐,Rumors,33071205,Jake Miller,776761,Rumors,en
424,唔係咁打嘅喜欢的音乐,Let You Go,26436106,Jake Miller,776761,The Road Less Traveled,en
425,唔係咁打嘅喜欢的音乐,Bomb Digga Woo,444548120,Jhameel,37264,Bomb Digga Woo,en
426,唔係咁打嘅喜欢的音乐,White Lie,1610477,Jhameel,37264,Waves,en
427,唔係咁打嘅喜欢的音乐,Need You Now (iTunes Session),4154790,Lady A,95456,iTunes Session,en
428,唔係咁打嘅喜欢的音乐,Problem,28461430,Ariana Grande,48161,Problem,en
429,唔係咁打嘅喜欢的音乐,Bad Ideas,1326439375,Tessa Violet,897075,Bad Ideas,en
430,唔係咁打嘅喜欢的音乐,California,2119491,Akia,46516,Atruprncss [EP],en
431,唔係咁打嘅喜欢的音乐,Sexual Healing,2538549,Elize,55579,In Control,en
432,唔係咁打嘅喜欢的音乐,All Night Long,1940613,Stevie Hoang,42958,All Night Long,en
433,唔係咁打嘅喜欢的音乐,Show You Off,1940393,Stevie Hoang,42958,Summer Love,en
434,唔係咁打嘅喜欢的音乐,One Last Time,37239772,Stevie Hoang,42958,One Last Time,en
435,唔係咁打嘅喜欢的音乐,U Make Me Wanna,16858400,Blue,88145,One Love,en
436,唔係咁打嘅喜欢的音乐,Yesterday Once More,3986241,Carpenters,89363,Yesterday Once More: Greatest Hits 1969-1983,en
437,唔係咁打嘅喜欢的音乐,Stupid Cupid,5053125,Mandy Moore,66363,The Princess Diaries (Original Soundtrack),en
438,唔係咁打嘅喜欢的音乐,Lemon Tree,27180681,Fool's Garden,92442,Die Ultimative Chartshow (Die Erfolgreichsten One-Hit-Wonder),en
439,唔係咁打嘅喜欢的音乐,Rhythm Of The Rain,18668453,Jason Donovan,35397,Let It Be Me,en
440,唔係咁打嘅喜欢的音乐,Your Man,1494060,Josh Turner,35385,Your Man,en
441,唔係咁打嘅喜欢的音乐,You Make My Day,19268122,Tom Hugo,45438,Sundry Tales,en
442,唔係咁打嘅喜欢的音乐,Don't Worry Be Happy,2701514,Holly Dolly,59252,Pretty Donkey Girl,en
443,唔係咁打嘅喜欢的音乐,The Lazy Song,25657280,Bruno Mars,178059,Doo-Wops & Hooligans,en
444,唔係咁打嘅喜欢的音乐,Shutterbug,428203132,Glenna,12107487,Shutterbug,en
445,唔係咁打嘅喜欢的音乐,Class Historian,29365648,BRONCHO,1015040,Just Enough Hip To Be Woman,en
446,唔係咁打嘅喜欢的音乐,Trouble Is A Friend,16607971,Lenka,64143,Lenka,en
447,唔係咁打嘅喜欢的音乐,Bigcitydreams,21267236,Never Shout Never,40447,Yipee,en
448,唔係咁打嘅喜欢的音乐,Walk Thru Fire ,1322460396,Vicetone,747030,Monstercat Instinct Vol. 2,en
449,唔係咁打嘅喜欢的音乐,Pink Champagne,448749148,Nick Lopez,12249046,Pink Champagne,en
450,唔係咁打嘅喜欢的音乐,Sunny Day,2786189,Joy Williams,61047,Songs from This - EP,en
451,唔係咁打嘅喜欢的音乐,Vacation,28468491,Truslow,909026,Truslow,en
452,唔係咁打嘅喜欢的音乐,Bila,28613576,Candy,35873634,Candy,en
453,唔係咁打嘅喜欢的音乐,HiKARiE (English x guitar version),25706320,miwa,17120,ホイッスル ~君と過ごした日々~(初回限定A盤),en
454,唔係咁打嘅喜欢的音乐,Walk Away,2529311,Dia Frampton,55454,Red,en
455,唔係咁打嘅喜欢的音乐,Trouble Maker,22843672,Trouble Maker,161330,Trouble Maker,en
456,唔係咁打嘅喜欢的音乐,Lock Me Up,28464997,The Cab,44403,Lock Me Up EP,en
457,唔係咁打嘅喜欢的音乐,Everglow,37239018,Coldplay,89365,Everglow,en
458,唔係咁打嘅喜欢的音乐,Somebody That I Used To Know,17939827,Gotye,34376,Making Mirrors,en
459,唔係咁打嘅喜欢的音乐,Stressed Out,31654490,twenty one pilots,784190,Blurryface,en
460,唔係咁打嘅喜欢的音乐,Oh Pretty Woman,1877048,Roy Orbison,41949,Orbisongs,en
461,唔係咁打嘅喜欢的音乐,Get Lucky,26349642,Daft Punk,90513,Random Access Memories,en
462,唔係咁打嘅喜欢的音乐,The Sound Of Silence,5113327,Simon & Garfunkel,185017,Afscheid,en
463,唔係咁打嘅喜欢的音乐,I Gotta Feeling,3949384,Black Eyed Peas,88146,The E.N.D,en
464,唔係咁打嘅喜欢的音乐,让我快乐,1428166904,杨和苏KeyNG,13899303,辩护人,ch
465,唔係咁打嘅喜欢的音乐,山水之间,28802028,许嵩,5771,不如吃茶去,ch
466,唔係咁打嘅喜欢的音乐,粉色信笺,167782,许嵩,5771,半城烟沙,ch
467,唔係咁打嘅喜欢的音乐,尘世美,27646691,许嵩,5771,许嵩单曲集,ch
468,唔係咁打嘅喜欢的音乐,带我去找夜生活,1410647903,告五人,12676697,带我去找夜生活,ch
469,唔係咁打嘅喜欢的音乐,再见,185726,张震岳,6453,再见,ch
470,唔係咁打嘅喜欢的音乐,"Whenever, Wherever",3407105,Shakira,74623,Laundry Service,en
471,唔係咁打嘅喜欢的音乐,Forever Young,526472519,朴树,4721,BTV跨年冰雪盛典,ch
472,唔係咁打嘅喜欢的音乐,New Boy,139371,朴树,4721,我去2000年,ch
473,唔係咁打嘅喜欢的音乐,生如夏花,139357,朴树,4721,生如夏花,ch
474,唔係咁打嘅喜欢的音乐,披星戴月,188376,张敬轩,6462,P.S. I Love You 新歌+精选,ch
475,唔係咁打嘅喜欢的音乐,尘埃落定,28138170,张敬轩,6462,是时候…,ch
476,唔係咁打嘅喜欢的音乐,爱与痛的边缘,299090,王菲,9621,情·菲·得意,ch
477,唔係咁打嘅喜欢的音乐,濛,135325,麦浚龙,4483,Walking Underneath,ch
478,唔係咁打嘅喜欢的音乐,没有人,135334,麦浚龙,4483,Walking Underneath,ch
479,唔係咁打嘅喜欢的音乐,周六夜现场（Saturday night）,1911908484,董唧唧,12760523,周六夜现场（Saturday night）,ch
480,唔係咁打嘅喜欢的音乐,为你我受冷风吹,257098,林忆莲,8336,"Love, Sandy",ch
481,唔係咁打嘅喜欢的音乐,稀客,316510,杨千嬅,10204,千嬅盛放,ch
482,唔係咁打嘅喜欢的音乐,纵贯线兄弟姐妹,394677,纵贯线,13580,北上列车,ch
483,唔係咁打嘅喜欢的音乐,童话镇Plus,428642306,暗杠,1198010,童话镇Plus,ch
484,唔係咁打嘅喜欢的音乐,白鸽,157092,伍佰 & China Blue,222871,白鸽,ch
485,唔係咁打嘅喜欢的音乐,浪人情歌,157357,伍佰 & China Blue,222871,浪人情歌,ch
486,唔係咁打嘅喜欢的音乐,梦醒时分,156284,伍佰 & China Blue,222871,单程车票,ch
487,唔係咁打嘅喜欢的音乐,突然的自我,156374,伍佰 & China Blue,222871,忘情1015精选辑,ch
488,唔係咁打嘅喜欢的音乐,挪威的森林,157288,伍佰 & China Blue,222871,爱情的尽头,ch
489,唔係咁打嘅喜欢的音乐,泪桥,5265278,伍佰,5354,Wild Day Out 2004 生力 Grand Show Official Album,ch
490,唔係咁打嘅喜欢的音乐,被动(Live),156717,伍佰 & China Blue,222871,爱你伍佰年,ch
491,唔係咁打嘅喜欢的音乐,再度重相逢,156772,伍佰 & China Blue,222871,泪桥,ch
492,唔係咁打嘅喜欢的音乐,Last Dance,157276,伍佰 & China Blue,222871,爱情的尽头,ch
493,唔係咁打嘅喜欢的音乐,晚风,156763,伍佰 & China Blue,222871,泪桥,ch
494,唔係咁打嘅喜欢的音乐,披星戴月的想你,1317457805,告五人,12676697,披星戴月的想你,ch
495,唔係咁打嘅喜欢的音乐,孤勇者,1901371647,陈奕迅,2116,孤勇者,ch
496,唔係咁打嘅喜欢的音乐,一万次悲伤,25706279,逃跑计划,12977,世界,ch
497,唔係咁打嘅喜欢的音乐,逆流时光,30394202,安图声乐队,1049310,ANTU SOUND ROCK,ch
498,唔係咁打嘅喜欢的音乐,恋爱为何物,33984203,李克勤,3699,李克勤 我克勤,ch
499,唔係咁打嘅喜欢的音乐,逝去的歌,36199725,旅行团,12111,10 DAY'S,ch
500,唔係咁打嘅喜欢的音乐,静止,357424,花儿乐队,11761,幸福的旁边,ch
501,唔係咁打嘅喜欢的音乐,永远都会在,486999662,旅行团,12111,永远都会在,ch
502,唔係咁打嘅喜欢的音乐,"再见,再见",25706285,逃跑计划,12977,世界,ch
503,唔係咁打嘅喜欢的音乐,所念皆星河,1476239407,房东的猫,1050282,所念皆星河,ch
504,唔係咁打嘅喜欢的音乐,我们的爱,354593,F.I.R.,11562,F.I.R.同名专辑,ch
505,唔係咁打嘅喜欢的音乐,公路,394679,纵贯线,13580,北上列车,ch
506,唔係咁打嘅喜欢的音乐,亡命之徒,394685,纵贯线,13580,北上列车,ch
507,唔係咁打嘅喜欢的音乐,日落大道,36392029,梁博,166010,迷藏,ch
508,唔係咁打嘅喜欢的音乐,奔跑在孤傲的路上,39436490,旅行团,12111,10 DAY'S,ch
509,唔係咁打嘅喜欢的音乐,Edamame (ft. Rich Brian),1861126812,bbno$,12054171,Edamame (ft. Rich Brian),unknown
510,唔係咁打嘅喜欢的音乐,想去海边,1413863166,夏日入侵企画,12383009,想去海边,ch
511,唔係咁打嘅喜欢的音乐,必杀技,86030,古巨基,2849,金牌精选,ch
512,唔係咁打嘅喜欢的音乐,放空,1841002409,大籽,33735716,放空,ch
513,唔係咁打嘅喜欢的音乐,开着敞篷车,1876395183,king金鑫,12346690,开着敞篷车,ch
514,唔係咁打嘅喜欢的音乐,俾面派对,347643,Beyond,11127,命运派对,ch
515,唔係咁打嘅喜欢的音乐,好好恋爱,5261521,邓丽欣,7537,Love 05 情歌集,ch
516,唔係咁打嘅喜欢的音乐,大地,347758,Beyond,11127,秘密警察,ch
517,唔係咁打嘅喜欢的音乐,喜欢你,346073,Beyond,11127,Beyond 25th Anniversary,ch
518,唔係咁打嘅喜欢的音乐,情人,347241,Beyond,11127,海阔天空,ch
519,唔係咁打嘅喜欢的音乐,冷雨夜,346069,Beyond,11127,Beyond 25th Anniversary,ch
520,唔係咁打嘅喜欢的音乐,光辉岁月,346576,Beyond,11127,光辉岁月十五年,ch
521,唔係咁打嘅喜欢的音乐,真的爱你,346075,Beyond,11127,Beyond 25th Anniversary,ch
522,唔係咁打嘅喜欢的音乐,海阔天空,346089,Beyond,11127,Beyond 25th Anniversary,ch
523,唔係咁打嘅喜欢的音乐,逝去日子,346076,Beyond,11127,Beyond 25th Anniversary,ch
524,唔係咁打嘅喜欢的音乐,无尽空虚,346591,Beyond,11127,光辉岁月十五年,ch
525,唔係咁打嘅喜欢的音乐,谁伴我闯荡,346085,Beyond,11127,Beyond 25th Anniversary,ch
526,唔係咁打嘅喜欢的音乐,农民,22831967,Beyond,11127,Beyond 20th Anniversary,ch
527,唔係咁打嘅喜欢的音乐,遥望,347274,Beyond,11127,遥望黄家驹不死音乐精神 特别纪念集92'-93',ch
528,唔係咁打嘅喜欢的音乐,我们的时光,29567193,赵雷,6731,吉姆餐厅,ch
529,唔係咁打嘅喜欢的音乐,成都,436514312,赵雷,6731,成都,ch
530,唔係咁打嘅喜欢的音乐,"Liar, Liar",5059114,The Castaways,12647340,"Good Morning, Vietnam (The Original Motion Picture Soundtrack)",en
531,唔係咁打嘅喜欢的音乐,没有理想的人不伤心,1412010941,左小祖咒,6467,台湾,ch
532,唔係咁打嘅喜欢的音乐,"花,太阳,彩虹,你",1826189041,Mai,6309,MYSTERY TOY BOX,ch
533,唔係咁打嘅喜欢的音乐,还是分开,465921195,张叶蕾,12213291,还是分开,ch
534,唔係咁打嘅喜欢的音乐,偷偷摸摸,113183,李克勤,3699,Custom Made,ch
535,唔係咁打嘅喜欢的音乐,与海无关,1807799506,告五人,12676697,运气来得若有似无,ch
536,唔係咁打嘅喜欢的音乐,生活在别处的你 Another me,1860567964,毛不易,12138269,生活在别处的你 Another me,ch
537,唔係咁打嘅喜欢的音乐,太傻(粤),158539,巫启贤,5359,心酸的情歌,ch
538,唔係咁打嘅喜欢的音乐,天与海,1494738691,Kiki,37457856,天与海,ch
539,唔係咁打嘅喜欢的音乐,永不失联的爱,523250334,周兴哲,980025,如果雨之后,ch
540,唔係咁打嘅喜欢的音乐,我是一只鱼,144515,任贤齐,4895,爱像太平洋,ch
541,唔係咁打嘅喜欢的音乐,夜空中最亮的星,25706282,逃跑计划,12977,世界,ch
542,唔係咁打嘅喜欢的音乐,愿你决定,187408,张国荣,6457,大热,ch
543,唔係咁打嘅喜欢的音乐,人若然忘记了爱,191177,郑中基,6473,正宗K,ch
544,唔係咁打嘅喜欢的音乐,听书,1843986876,暗杠,1198010,听书,ch
545,唔係咁打嘅喜欢的音乐,千里行走,1385144622,暗杠,1198010,千里行走,ch
546,唔係咁打嘅喜欢的音乐,寥寥此生虚度,1345693415,暗杠,1198010,寥寥此生虚度,ch
547,唔係咁打嘅喜欢的音乐,说书人,1303019637,暗杠,1198010,说书人,ch
548,唔係咁打嘅喜欢的音乐,走歌人18,866018207,暗杠,1198010,走歌人18,ch
549,唔係咁打嘅喜欢的音乐,走歌人,418990139,暗杠,1198010,走歌人,ch
550,唔係咁打嘅喜欢的音乐,你不在我身边,534064498,邵洪,33574868,你不在我身边,ch
551,唔係咁打嘅喜欢的音乐,纸牌屋,27698711,李克勤,3699,纸牌屋,ch
552,唔係咁打嘅喜欢的音乐,谁愿放手,215973,陈慧琳,7235,谁愿放手,ch
553,唔係咁打嘅喜欢的音乐,黄昏,190072,周传雄,6652,忘记 transfer,ch
554,唔係咁打嘅喜欢的音乐,红装,174961,徐良,5929,犯贱,ch
555,唔係咁打嘅喜欢的音乐,他约我去迪士尼,5262015,陈晓琪,7298,星光闪耀迪士尼,ch
556,唔係咁打嘅喜欢的音乐,嫁妆,94540,陈慧琳,7235,Y100 (Evil版),ch
557,唔係咁打嘅喜欢的音乐,前世,213617,陈慧琳,7235,Grace & Charm,ch
558,唔係咁打嘅喜欢的音乐,不再犹豫,347597,Beyond,11127,Deliberate 犹豫,ch
559,唔係咁打嘅喜欢的音乐,清明雨上,167882,许嵩,5771,自定义,ch
560,唔係咁打嘅喜欢的音乐,这些年来,29343376,张国荣,6457,Leslie Cheung Four Seasons,ch
561,唔係咁打嘅喜欢的音乐,一,28838219,AGA,768208,一,ch
562,唔係咁打嘅喜欢的音乐,You’re Not Alone,29460504,Owl City,40859,You're Not Alone,unknown
563,唔係咁打嘅喜欢的音乐,Headlight -piano version-,776789,MONKEY MAJIK,20453,Headlight,unknown
564,唔係咁打嘅喜欢的音乐,我知道（《比赛开始》片尾曲）,1430303185,By2,11097,《比赛开始》影视原声,ch
565,唔係咁打嘅喜欢的音乐,RU 謝霆鋒金曲串燒,1361353562,RU,31960592,RU 一生中最愛,ch
566,唔係咁打嘅喜欢的音乐,爱的呼唤,1814508991,Dear Jane,11378,Timeless ,ch
567,唔係咁打嘅喜欢的音乐,从前,336474,朱茵,10628,跳起来,ch
568,唔係咁打嘅喜欢的音乐,突然想起你,419827628,萧亚轩,9945,靓声天后,ch
569,唔係咁打嘅喜欢的音乐,King,422132112,Zayde Wølf,12073833,Rare Breed,unknown
570,唔係咁打嘅喜欢的音乐,月球下的人,407927304,李幸倪,8653,月球下的人,ch
571,唔係咁打嘅喜欢的音乐,夕阳无限好,66272,陈奕迅,2116,U-87,ch
572,唔係咁打嘅喜欢的音乐,Headlight-English version-,26127499,MONKEY MAJIK,20453,ENGLISH BEST,unknown
573,唔係咁打嘅喜欢的音乐,浪流連,1307822531,茄子蛋,1039873,浪流連,ch
574,唔係咁打嘅喜欢的音乐,美猴王,1818723382,倒悬的橘子,12433758,美猴王,ch
575,唔係咁打嘅喜欢的音乐,SEPARATION ANXIETY,1483504639,鷺巣詩郎,15300,NEON GENESIS EVANGELION SOUNDTRACK 25th ANNIVERSARY BOX,ch
576,唔係咁打嘅喜欢的音乐,Separation Anxiety,4171152,L’Astronaut,96191,Conversations In Frequency,unknown
577,唔係咁打嘅喜欢的音乐,Last Dance,1443886272,伍佰 & China Blue,222871,想见你 电视原声带,ch
578,唔係咁打嘅喜欢的音乐,你是你本身的传奇,484805943,方皓玟,7668,404 Not Found,ch
579,唔係咁打嘅喜欢的音乐,高老庄,1814041552,倒悬的橘子,12433758,高老庄,ch
580,唔係咁打嘅喜欢的音乐,大唐Gang （prod by.Fantom）,1810577953,倒悬的橘子,12433758,大唐gang,ch
581,唔係咁打嘅喜欢的音乐,开始恋爱,353653,E-kids,11515,Diary,ch
582,唔係咁打嘅喜欢的音乐,城府,167885,许嵩,5771,自定义,ch
583,唔係咁打嘅喜欢的音乐,"Rainy day (Feat. ASH ISLAND, Skinny Brown)",1464189002,PATEKO,33950896,Rainy day,en
584,唔係咁打嘅喜欢的音乐,Oh No!,1341509284,Синтетика,31332986,"""Шаолинь школа для шлюх""",unknown
585,唔係咁打嘅喜欢的音乐,嚣张,1382596189,en,32220939,嚣张,ch
586,唔係咁打嘅喜欢的音乐,大丈夫,428203967,wacci,22367,日常ドラマチック,ch
587,唔係咁打嘅喜欢的音乐,男友達,499222681,wacci,22367,感情百景,ch
588,唔係咁打嘅喜欢的音乐,站在草原望北京,305734,乌兰图雅,9838,站在草原望北京,ch
589,唔係咁打嘅喜欢的音乐,DADDY! DADDY! DO!,1440648326,鈴木雅之,160376,DADDY! DADDY! DO! feat. 鈴木愛理,ch
590,唔係咁打嘅喜欢的音乐,Into the Battlefield,4880738,大坪直樹,12231031,クローズ ZERO オリジナル・サウンドトラック,ch
591,唔係咁打嘅喜欢的音乐,The Reluctant Heroes,26562718,澤野弘之,15290,「進撃の巨人」オリジナルサウンドトラック,ch
592,唔係咁打嘅喜欢的音乐,奇迹再现,27901832,毛华锋,4552,,ch
593,唔係咁打嘅喜欢的音乐,TAKE ME HIGHER (TV Size),4968352,矢野立美,15948,ウルトラマンティガ COMPLETE“TIGA”EDITION,ch
594,唔係咁打嘅喜欢的音乐,会不会（正式版）,1489065373,刘大壮,31165848,会不会,ch
595,唔係咁打嘅喜欢的音乐,如果这都不算爱,188432,张学友,6460,学友 热,ch
596,唔係咁打嘅喜欢的音乐,等你等到我心痛,190360,张学友,6460,等你等到我心痛 张学友精选,ch
597,唔係咁打嘅喜欢的音乐,花鳥風月,22814470,Sekai no Owari,21463,ENTERTAINMENT,ch
598,唔係咁打嘅喜欢的音乐,再谈记忆,472137696,盘尼西林,900021,与世界温暖相拥,ch
599,唔係咁打嘅喜欢的音乐,是但求其爱,1496602290,陈奕迅,2116,是但求其爱,ch
600,唔係咁打嘅喜欢的音乐,笨小孩 (Live),29723024,刘德华,3691,Wonderful World 香港演唱会 2007,ch
601,唔係咁打嘅喜欢的音乐,TOMORROW,26121602,岡本真夜,160885,TOMORROW,ch
602,唔係咁打嘅喜欢的音乐,Lemon,1466598056,米津玄師,159300,STRAY SHEEP,ch
603,唔係咁打嘅喜欢的音乐,如果当时2020,1488737309,许嵩,5771,如果当时2020,ch
604,唔係咁打嘅喜欢的音乐,功夫佛山,436667830,Radio-Man,12127922,功夫佛山,ch
605,唔係咁打嘅喜欢的音乐,灰色轨迹,32701152,Beyond,11127,Beyond 24K Gold 金碟至尊精选,ch
606,唔係咁打嘅喜欢的音乐,"Alone, Pt. II",1411973459,Alan Walker,1045123,"Alone, Pt. II",en
607,唔係咁打嘅喜欢的音乐,Easier – Remix (with Charlie Puth),1383864027,5 Seconds of Summer,893624,Easier – Remix (with Charlie Puth),unknown
608,唔係咁打嘅喜欢的音乐,我想更懂你,139703,潘玮柏,4723,反转地球,ch
609,唔係咁打嘅喜欢的音乐,Savage Love (Laxed - Siren Beat),1454664682,Jawsh 685,34967130,Savage Love (Laxed - Siren Beat),unknown
610,唔係咁打嘅喜欢的音乐,不喜欢下雨天 Remix,1449754092,PIggy,32097566,不喜欢下雨天 Remix,ch
611,唔係咁打嘅喜欢的音乐,下半生(粤语版),28828693,郭燕,7378,雕刻时光,ch
612,唔係咁打嘅喜欢的音乐,Good Life,466122659,G-Eazy,820036,The Fate of the Furious: The Album,unknown
613,唔係咁打嘅喜欢的音乐,人生苦短,1342278329,JSore,12002137,及时,ch
614,唔係咁打嘅喜欢的音乐,相反的我,328029,张芸京,10572,相反的我,ch
615,唔係咁打嘅喜欢的音乐,Please Don’t Touch,1409277284,RAYE,1077053,Please Don’t Touch,unknown
616,唔係咁打嘅喜欢的音乐,YELLOW,1356248072,神山羊,12323265,しあわせなおとな,ch
617,唔係咁打嘅喜欢的音乐,柳叶笺,553795744,朱彦安,12057021,柳叶笺,ch
618,唔係咁打嘅喜欢的音乐,灰姑娘,255589,梁咏琪,8329,花火,ch
619,唔係咁打嘅喜欢的音乐,双双,399364830,李幸倪,8653,双双,ch
620,唔係咁打嘅喜欢的音乐,Sunflower (Spider-Man: Into the Spider-Verse),1318733599,Post Malone,1057092,Spider-Man: Into the Spider-Verse (Soundtrack From & Inspired by the Motion Picture),unknown
621,唔係咁打嘅喜欢的音乐,阁楼,213791,陈慧琳,7235,Stylish Index,ch
622,唔係咁打嘅喜欢的音乐,偷情的礼仪,1380100575,谢安琪,9952,偷情的礼仪,ch
623,唔係咁打嘅喜欢的音乐,荒唐,1457729148,傅菁,27692352,发光体,ch
624,唔係咁打嘅喜欢的音乐,当爱在靠近,254460,刘若英,8326,Love And The City,ch
625,唔係咁打嘅喜欢的音乐,有没有一首歌会让你想起我,186624,周华健,6456,忘忧草,ch
626,唔係咁打嘅喜欢的音乐,人妻的伪术,571340767,谢安琪,9952,人妻的伪术,ch
627,唔係咁打嘅喜欢的音乐,生而为人,1335350269,尚士达,13608761,生而为人,ch
628,唔係咁打嘅喜欢的音乐,开一扇窗,274103,李昊嘉,8700,Enchantment,ch
629,唔係咁打嘅喜欢的音乐,今天只做一件事,64803,陈奕迅,2116,H³M,ch
630,唔係咁打嘅喜欢的音乐,听你说,316152,郁可唯,10200,微加幸福,ch
631,唔係咁打嘅喜欢的音乐,mede:mede,33516495,Reol,13059968,極彩色,unknown
632,唔係咁打嘅喜欢的音乐,无谓再假,366021,Mr.,12266,If I Am,ch
633,唔係咁打嘅喜欢的音乐,爱上你,374890,S.H.E,12709,SHERO,ch
634,唔係咁打嘅喜欢的音乐,偶阵雨,254039,梁静茹,8325,爱久见人心,ch
635,唔係咁打嘅喜欢的音乐,香草把噗,5239553,南拳妈妈,12438,K情歌8,ch
636,唔係咁打嘅喜欢的音乐,初恋粉色系,368878,南拳妈妈,12438,调色盘,ch
637,唔係咁打嘅喜欢的音乐,Sweet Little Lies,1347650968,Bülow,12809019,Sweet Little Lies,unknown
638,唔係咁打嘅喜欢的音乐,相依为命,94639,陈小春,2112,十年选,ch
639,唔係咁打嘅喜欢的音乐,看不见,1372947837,阿细,1049681,看不见,ch
640,唔係咁打嘅喜欢的音乐,灰尘,1386859485,阿细,1049681,灰尘,ch
641,唔係咁打嘅喜欢的音乐,終生老友,1350079138,张诗莉,31569994,終生老友,ch
642,唔係咁打嘅喜欢的音乐,还找不找你,1295186488,阿细,1049681,还找不找你,ch
643,唔係咁打嘅喜欢的音乐,性情中人,28828440,苏永康,4948,性情中人,ch
644,唔係咁打嘅喜欢的音乐,还好有你,526080012,阿细,1049681,还好有你,ch
645,唔係咁打嘅喜欢的音乐,1-800-273-8255,476598254,Logic,1015122,Everybody,unknown
646,唔係咁打嘅喜欢的音乐,分手的情书,33075091,邓丽欣,7537,分手的情书,ch
647,唔係咁打嘅喜欢的音乐,同屋主,36664783,邓丽欣,7537,同屋主,ch
648,唔係咁打嘅喜欢的音乐,日久生情,224094,邓丽欣,7537,Dating Stephy,ch
649,唔係咁打嘅喜欢的音乐,再见并不心淡,27867590,容祖儿,9269,再见并不心淡,ch
650,唔係咁打嘅喜欢的音乐,不要离我太远,94219,邓丽欣,7537,Y100+ (Grateful版),ch
651,唔係咁打嘅喜欢的音乐,夏天的风,298213,温岚,9612,温式效应,ch
652,唔係咁打嘅喜欢的音乐,"****, i’m lonely (Ofenbach Remix)",1384375650,Lauv,1057226,"****, i’m lonely (Ofenbach Remix)",unknown
653,唔係咁打嘅喜欢的音乐,영,26143409,李仙姬,125623,영 (이선희 베스트),ch
654,唔係咁打嘅喜欢的音乐,杂技,26902936,卫兰,9605,Serving You,ch
655,唔係咁打嘅喜欢的音乐,玫瑰花的葬礼,27646687,许嵩,5771,许嵩单曲集,ch
656,唔係咁打嘅喜欢的音乐,微微,1433434738,傅如乔,34613873,微微,ch
657,唔係咁打嘅喜欢的音乐,我会好好的,297780,王心凌,9606,Cyndi With U,ch
658,唔係咁打嘅喜欢的音乐,Melody（翻自 青你2） ,1434545801,阿七本七,30707272,拯救麦乐迪,ch
659,唔係咁打嘅喜欢的音乐,Fight as ONE,1437165631,陈奕迅,2116,Fight as ONE,ch
660,唔係咁打嘅喜欢的音乐,四季,437802725,陈奕迅,2116,四季,ch
661,唔係咁打嘅喜欢的音乐,掌心,385727,无印良品,13190,掌心,ch
662,唔係咁打嘅喜欢的音乐,身边,385511,无印良品,13190,珍重 95-99分手纪念精选辑,ch
663,唔係咁打嘅喜欢的音乐,Yasuo,502678329,MMZ-BOY,1205022,Yasuo(亚索),unknown
664,唔係咁打嘅喜欢的音乐,glow,476638468,H△G,996276,声 ~VOCALOID Cover Album~,unknown
665,唔係咁打嘅喜欢的音乐,Believer (TØm Bootleg),505686239,TØm,12604740,Believer (TØm Bootleg),unknown
666,唔係咁打嘅喜欢的音乐,几分之几 (You Complete Me),530995517,卢广仲,3690,几分之几,ch
667,唔係咁打嘅喜欢的音乐,그대에게,26485740,申海哲,124669,The Best Of Shin Hae Chul Struggling,ch
668,唔係咁打嘅喜欢的音乐,걱정말아요 그대,28068737,野菊花,128245,들국화,ch
669,唔係咁打嘅喜欢的音乐,Psycho（英文版）（翻自 Red Velvet） ,1422461666,SWAGGER,34330154,Psycho（英文版）,ch
670,唔係咁打嘅喜欢的音乐,have a nice day,1425270471,浅葱喵asagiinyo,33165159,have a nice day,ch
671,唔係咁打嘅喜欢的音乐,风恋歌,1418131597,恋恋故人难,32041318,风恋歌,ch
672,唔係咁打嘅喜欢的音乐,再见悲哀,28838055,林忆莲,8336,我最喜爱的Eric Kwok作品展,ch
673,唔係咁打嘅喜欢的音乐,不谓侠,491274636,萧忆情,0,春日迟迟,ch
674,唔係咁打嘅喜欢的音乐,나항상 그대를,5350959,李仙姬,125623,My Life + Best,ch
675,唔係咁打嘅喜欢的音乐,혜화동,424474255,动物园,126606,다시가본 동물원,ch
676,唔係咁打嘅喜欢的音乐,信口开河,64269,侧田,2117,我没有变过 爱的习惯,ch
677,唔係咁打嘅喜欢的音乐,越吻越伤心,110796,苏永康,4948,林夕字传,ch
678,唔係咁打嘅喜欢的音乐,歌谣,502242110,李荣浩,4292,歌谣,ch
679,唔係咁打嘅喜欢的音乐,这个年纪,35476049,齐一,1159045,这个年纪,ch
680,唔係咁打嘅喜欢的音乐,一刀七段（动画《刺客伍六七》主题曲粤语版）,1351973198,bermudy,29397593,一刀七段,ch
681,唔係咁打嘅喜欢的音乐,放棄治療,510953935,Serrini樹妮妮,916007,Don't Text Him,ch
682,唔係咁打嘅喜欢的音乐,牵丝戏,30352891,银临,188565,牵丝戏,ch
683,唔係咁打嘅喜欢的音乐,句号,1405283464,G.E.M.邓紫棋,7763,摩天动物园,ch
684,唔係咁打嘅喜欢的音乐,麻雀,1407551413,李荣浩,4292,麻雀,ch
685,唔係咁打嘅喜欢的音乐,世间美好与你环环相扣,1363948882,柏松,31876221,听闻余生,ch
686,唔係咁打嘅喜欢的音乐,"Take Me Back To London (Remix) [feat. Stormzy, Jaykae & Aitch]",1385725211,Ed Sheeran,33184,"Take Me Back To London (Remix) [feat. Stormzy, Jaykae & Aitch]",en
687,唔係咁打嘅喜欢的音乐,소주 한잔,441489531,俞胜恩,792800,싱데렐라 스페셜 헌정송 2탄,ch
688,唔係咁打嘅喜欢的音乐,OVERDOSE,1404497059,ØMI,12535245,OVERDOSE,unknown
689,唔係咁打嘅喜欢的音乐,细界,1332566421,阿细,1049681,阿细,ch
690,唔係咁打嘅喜欢的音乐,旧好,27678741,关楚耀,2861,Breakout,ch
691,唔係咁打嘅喜欢的音乐,Mad,17470716,Ne-Yo,40423,Year Of The Gentleman,unknown
692,唔係咁打嘅喜欢的音乐,愿得一人心,22854159,李行亮,4093,愿得一人心,ch
693,唔係咁打嘅喜欢的音乐,蜂鸟,1348568908,吴青峰,187229,蜂鸟,ch
694,唔係咁打嘅喜欢的音乐,POP/STARS,1321385655,K/DA,30611063,POP/STARS,unknown
695,唔係咁打嘅喜欢的音乐,Theme from Mission: Impossible,5057039,Larry Mullen Jr.,218966,Mission: Impossible (Music From And Inspired By The Motion Picture),unknown
696,唔係咁打嘅喜欢的音乐,Stay With Me（翻自 Punch/朴灿烈） ,1347529350,KCJIN锦,30284952,stay with me (韩翻),ch
697,唔係咁打嘅喜欢的音乐,庐州月,167850,许嵩,5771,寻雾启示,ch
698,唔係咁打嘅喜欢的音乐,山楂树之恋,1381755293,程佳佳,31802946,山楂树之恋 (完整版),ch
699,唔係咁打嘅喜欢的音乐,Thunder / Young Dumb & Broke (Medley),525063410,Imagine Dragons,94779,Thunder / Young Dumb & Broke (Medley),unknown
700,唔係咁打嘅喜欢的音乐,难为自己,25657576,卫兰,9605,Imagine,ch
701,唔係咁打嘅喜欢的音乐,Mr.Taxi,29535436,少女时代,126793,THE BEST ~New Edition~,ch
702,唔係咁打嘅喜欢的音乐,Gee,29535435,少女时代,126793,THE BEST ~New Edition~,ch
703,唔係咁打嘅喜欢的音乐,"Psycho, Pt. 2",440208643,Russ,241588,"Psycho, Pt. 2",en
704,唔係咁打嘅喜欢的音乐,AS IF IT’S YOUR LAST,1325898352,BLACKPINK,12068017,BLACKPINK IN YOUR AREA,unknown
705,唔係咁打嘅喜欢的音乐,DDU-DU DDU-DU,1325896374,BLACKPINK,12068017,BLACKPINK IN YOUR AREA,unknown
706,唔係咁打嘅喜欢的音乐,一直很安静,5260494,阿桑,7061,Listen To HIM,ch
707,唔係咁打嘅喜欢的音乐,Roly Poly,1337268383,T-ara,127815,Mixed Genres,unknown
708,唔係咁打嘅喜欢的音乐,Lovey-Dovey (Japanese Version),22704421,T-ara,127815,Jewelry Box,unknown
709,唔係咁打嘅喜欢的音乐,DAY BY DAY (Japanese Ver.),26089233,T-ara,127815,**** Love (Japanese ver.)(通常盤),unknown
710,唔係咁打嘅喜欢的音乐,信徒,25702167,吴雨霏,9615,My January (Deluxe Version),ch
711,唔係咁打嘅喜欢的音乐,Genie,29535434,少女时代,126793,THE BEST ~New Edition~,ch
712,唔係咁打嘅喜欢的音乐,彩虹天堂,120255,刘畊宏,3737,彩虹天堂,ch
713,唔係咁打嘅喜欢的音乐,寂寞沙洲冷 (Live),33916775,周传雄,6652,周传雄2006上海七夕演唱会,ch
714,唔係咁打嘅喜欢的音乐,永遠,31010800,BoA,125237,歌姫プレミア-White-,ch
715,唔係咁打嘅喜欢的音乐,Bad Girl,28844139,少女时代,126793,The Best,ch
716,唔係咁打嘅喜欢的音乐,花好月圆,27927910,黄艺明,3337,热门华语157,ch
717,唔係咁打嘅喜欢的音乐,Kiss Fight (Ben Phipps Remix),516750031,Tülpa,12108155,Kiss Fight (Ben Phipps Remix),unknown
718,唔係咁打嘅喜欢的音乐,距离,5250033,吴雨霏,9615,金牌主题曲,ch
719,唔係咁打嘅喜欢的音乐,我本人,298250,吴雨霏,9615,我本人,ch
720,唔係咁打嘅喜欢的音乐,座右铭,298489,吴雨霏,9615,Kary 18 Cuts,ch
721,唔係咁打嘅喜欢的音乐,水星记,441491828,郭顶,2843,飞行器的执行周期,ch
722,唔係咁打嘅喜欢的音乐,我的秘密,233974,G.E.M.邓紫棋,7763,A.I.N.Y. 爱你,ch
723,唔係咁打嘅喜欢的音乐,理想对象,329696,郑秀文,10571,Feel So Good,ch
724,唔係咁打嘅喜欢的音乐,忘了时间的钟,87978,古巨基,2849,忘了时间的钟,ch
725,唔係咁打嘅喜欢的音乐,94340634,121531,刘浩龙,3751,All The Best,ch
726,唔係咁打嘅喜欢的音乐,爱的双重魔力,344406,By2,11097,成人礼,ch
727,唔係咁打嘅喜欢的音乐,万里挑一(Yin-Yang),1320097108,FOX胡天渝,1199064,福无双至·终章,ch
728,唔係咁打嘅喜欢的音乐,心安理得,474739467,王天戈,12390184,心安理得,ch
729,唔係咁打嘅喜欢的音乐,sweets parade,809268,花澤香菜,16456,妖狐×僕SS ENDING SONG Vol.3,ch
730,唔係咁打嘅喜欢的音乐,I'm Not Yours,29732652,蔡依林,7219,呸,ch
731,唔係咁打嘅喜欢的音乐,芒种（粤语版）,1386852924,雪霏岚岚,12084011,芒种（粤语翻唱）,ch
732,唔係咁打嘅喜欢的音乐,芒种,1369798757,音阙诗听,12174521,二十四节气,ch
733,唔係咁打嘅喜欢的音乐,你的微笑,354601,F.I.R.,11562,F.I.R.同名专辑,ch
734,唔係咁打嘅喜欢的音乐,动态回顾,1335803260,石咏莉,9409,动态回顾,ch
735,唔係咁打嘅喜欢的音乐,Señorita,1373168742,Shawn Mendes,956238,Señorita,unknown
736,唔係咁打嘅喜欢的音乐,死亡之吻,476081526,关楚耀,2861,死亡之吻,ch
737,唔係咁打嘅喜欢的音乐,情感的废墟,1380100493,麦浚龙,4483,情感的废墟,ch
738,唔係咁打嘅喜欢的音乐,狂々撫子,409326722,加藤有加利,18341,PARALLEL WORLD ~episode.0~,ch
739,唔係咁打嘅喜欢的音乐,最佳损友,65800,陈奕迅,2116,Life Continues…,ch
740,唔係咁打嘅喜欢的音乐,Ref:rain,536623501,Aimer,16152,Ref:rain / 眩いばかり,unknown
741,唔係咁打嘅喜欢的音乐,思觉失调,121639,刘浩龙,3751,START UP,ch
742,唔係咁打嘅喜欢的音乐,理想三旬,31445772,陈鸿宇,1058228,浓烟下的诗歌电台,ch
743,唔係咁打嘅喜欢的音乐,Messy Girl,500637550,Morri3on(喬凡三),12083225,Messy Girl,ch
744,唔係咁打嘅喜欢的音乐,修炼爱情,25727803,林俊杰,3684,因你 而在,ch
745,唔係咁打嘅喜欢的音乐,你给我听好,28481103,陈奕迅,2116,rice & shine,ch
746,唔係咁打嘅喜欢的音乐,从未到过的地方,27534146,王心凌,9606,从未到过的地方,ch
747,唔係咁打嘅喜欢的音乐,伤心的人别听慢歌 (Live),541511123,S.H.E,12709,2GETHER 4EVER ENCORE 演唱会影音馆,ch
748,唔係咁打嘅喜欢的音乐,孙悟空,386173,五月天,13193,神的孩子都在跳舞,ch
749,唔係咁打嘅喜欢的音乐,黑暗骑士,25794008,林俊杰,3684,因你 而在,ch
750,唔係咁打嘅喜欢的音乐,恋爱ing,385973,五月天,13193,知足 最真杰作选,ch
751,唔係咁打嘅喜欢的音乐,倔强,386175,五月天,13193,神的孩子都在跳舞,ch
752,唔係咁打嘅喜欢的音乐,温柔,386538,五月天,13193,我们是五月天,ch
753,唔係咁打嘅喜欢的音乐,后来的我们,553310243,五月天,13193,后来的我们,ch
754,唔係咁打嘅喜欢的音乐,指望,316169,郁可唯,10200,蓝短裤,ch
755,唔係咁打嘅喜欢的音乐,雨爱,316100,杨丞琳,10199,Rainie & Love....? 雨爱,ch
756,唔係咁打嘅喜欢的音乐,下雨天,368764,南拳妈妈,12438,优の良曲 南搞小孩 (新歌+精选),ch
757,唔係咁打嘅喜欢的音乐,逆光,287057,孙燕姿,9272,逆光,ch
758,唔係咁打嘅喜欢的音乐,约定,85540,光良,2842,约定,ch
759,唔係咁打嘅喜欢的音乐,握不住的他,307566,萧潇,9947,I'm 萧萧,ch
760,唔係咁打嘅喜欢的音乐,Roly Poly,22704441,T-ara,127815,Roly Poly in Copacabana,unknown
761,唔係咁打嘅喜欢的音乐,Lost Good Things,27591655,陈光荣,2294,头文字D 电影原声,ch
762,唔係咁打嘅喜欢的音乐,aLIEz,29307041,mizuki (瑞葵),981205,A/Z|aLIEz,ch
763,唔係咁打嘅喜欢的音乐,我知道,344418,By2,11097,Twins,ch
764,唔係咁打嘅喜欢的音乐,还听人劝,554258821,孙子涵,5103,心上认,ch
765,唔係咁打嘅喜欢的音乐,归寻,1370008169,等什么君,30285885,归寻,ch
766,唔係咁打嘅喜欢的音乐,STAND-ALONE,1363303614,Aimer,16152,STAND-ALONE,unknown
767,唔係咁打嘅喜欢的音乐,17岁,1306459970,刘德华,3691,Everyone Is No. 1,ch
768,唔係咁打嘅喜欢的音乐,七月七日晴,307780,许慧欣,9950,万中选一,ch
769,唔係咁打嘅喜欢的音乐,bad guy - with Justin Bieber,1377450530,Billie Eilish,11972054,bad guy (with Justin Bieber),unknown
770,唔係咁打嘅喜欢的音乐,人非草木,25639351,吴雨霏,9615,My January,ch
771,唔係咁打嘅喜欢的音乐,Intervention!,2106305,Young and Divine,46237,Spring Sampler,unknown
772,唔係咁打嘅喜欢的音乐,纯音乐,391706,亚龙大,13447,亚龙大,ch
773,唔係咁打嘅喜欢的音乐,不一定,515796159,刘浩龙,3751,不一定,ch
774,唔係咁打嘅喜欢的音乐,恢复自由,121487,刘浩龙,3751,All The Best,ch
775,唔係咁打嘅喜欢的音乐,绯闻男友,121500,刘浩龙,3751,All The Best,ch
776,唔係咁打嘅喜欢的音乐,爱情36计,400161745,蔡依林,7219,爱舞炫 盛装舞曲精选,ch
777,唔係咁打嘅喜欢的音乐,布拉格广场,210049,蔡依林,7219,看我72变,ch
778,唔係咁打嘅喜欢的音乐,说爱你,210042,蔡依林,7219,看我72变,ch
779,唔係咁打嘅喜欢的音乐,倒带,209758,蔡依林,7219,J-Top冠军精选,ch
780,唔係咁打嘅喜欢的音乐,浪花一朵朵,5272970,任贤齐,4895,流浪汉,ch
781,唔係咁打嘅喜欢的音乐,水手,190381,郑智化,6468,私房歌,ch
782,唔係咁打嘅喜欢的音乐,星星点灯,190352,郑智化,6468,星星点灯,ch
783,唔係咁打嘅喜欢的音乐,放生,5256956,范逸臣,2736,再爱一次,ch
784,唔係咁打嘅喜欢的音乐,那年下雪的时候,33479926,By2,11097,Cat and Mouse,ch
785,唔係咁打嘅喜欢的音乐,爱丫爱丫,344442,By2,11097,16未成年,ch
786,唔係咁打嘅喜欢的音乐,极速,192746,郑伊健,6491,Discover,ch
787,唔係咁打嘅喜欢的音乐,封神 (电视版本),34002434,陈浩民,2138,封神榜 电视原声带,ch
788,唔係咁打嘅喜欢的音乐,连续剧,27511754,容祖儿,9269,连续剧,ch
789,唔係咁打嘅喜欢的音乐,续集,27906318,容祖儿,9269,续集,ch
790,唔係咁打嘅喜欢的音乐,Best of 2012: Payphone/Call Me Maybe/Wide Awake/Starship/We Are Young,33418570,Anthem Lights,86862,Anthem Lights Covers,unknown
791,唔係咁打嘅喜欢的音乐,Home,26470630,Michael Bublé,38855,It's A Beautiful Day,unknown
792,唔係咁打嘅喜欢的音乐,We Are Young (feat. Janelle Monáe),17910220,Fun.,92453,Some Nights,unknown
793,唔係咁打嘅喜欢的音乐,倒数,1299550532,G.E.M.邓紫棋,7763,另一个童话,ch
794,唔係咁打嘅喜欢的音乐,21,41641585,RAiNBOW计划,1047139,黄,ch
795,唔係咁打嘅喜欢的音乐,最近,114369,李圣杰,3705,音乐十年李圣杰唯一精选,ch
796,唔係咁打嘅喜欢的音乐,午夜怨曲,346079,Beyond,11127,Beyond 25th Anniversary,ch
797,唔係咁打嘅喜欢的音乐,Shoot to Thrill,3879500,AC/DC,85502,Iron Man 2,unknown
798,唔係咁打嘅喜欢的音乐,Back In Black,3879508,AC/DC,85502,Iron Man 2,unknown
799,唔係咁打嘅喜欢的音乐,房间,27867140,刘瑞琦,840134,房间,ch
800,唔係咁打嘅喜欢的音乐,"i hate u, i love u (feat. olivia o'brien)",34229234,Garrett Nash,1137226,"i hate u, i love u (feat. olivia o'brien)",en
801,唔係咁打嘅喜欢的音乐,争气 (Live In Hong Kong / 2015),40140638,容祖儿,9269,Joey Yung X Hacken Lee Concert 2015,ch
802,唔係咁打嘅喜欢的音乐,东南西北十二圈,447279286,陈丹虹,12192036,广州梦想,ch
803,唔係咁打嘅喜欢的音乐,雨蝶,258235,李翊君,8353,情爱怨女,ch
804,唔係咁打嘅喜欢的音乐,野孩子,316486,杨千嬅,10204,千嬅盛放,ch
805,唔係咁打嘅喜欢的音乐,可惜我是水瓶座,316654,杨千嬅,10204,Simply Me,ch
806,唔係咁打嘅喜欢的音乐,"Hey Mama (feat. Nicki Minaj, Bebe Rexha & Afrojack)",29747517,David Guetta,31211,Listen,en
807,唔係咁打嘅喜欢的音乐,你爱我像谁,25729827,张卫健,6464,剧力万钧 高收视主题曲精选,ch
808,唔係咁打嘅喜欢的音乐,花花宇宙,215239,陈慧琳,7235,花花宇宙,ch
809,唔係咁打嘅喜欢的音乐,不如跳舞,214626,陈慧琳,7235,飞吧,ch
810,唔係咁打嘅喜欢的音乐,葫芦金刚,5263408,王迟,223801,记忆的符号-中国电影百年寻音集 CD19,ch
811,唔係咁打嘅喜欢的音乐,Morrie Note,22843786,Morrie,125762,Don’t Listen To This Music If You Are Happy,unknown
812,唔係咁打嘅喜欢的音乐,阿Sam与阿Tam (Happy Together Version),479398157,谭咏麟,5205,阿Sam与阿Tam (Happy Together Version),ch
813,唔係咁打嘅喜欢的音乐,Ça Ira,26407811,Joyce Jonathan,36858,Ça Ira,unknown
814,唔係咁打嘅喜欢的音乐,Amireux,1383635,Gérard Darmon,33899,On S'Aime,unknown
815,唔係咁打嘅喜欢的音乐,Can't Take My Eyes Off You,25699022,王若琳,9604,The Adult Storybook,ch
816,唔係咁打嘅喜欢的音乐,开学礼,4875002,李克勤,3699,剧力万钧 高收视主题曲精选,ch
817,唔係咁打嘅喜欢的音乐,明知不知傻痴痴,29336409,周丽淇,10604,明知不知傻痴痴,ch
818,唔係咁打嘅喜欢的音乐,究竟海有几深,192341,张智霖,6487,ChiLam What is Love IIOII,ch
819,唔係咁打嘅喜欢的音乐,江山,28636518,马德钟,4508,《洪武三十二》 电视原声带,ch
820,唔係咁打嘅喜欢的音乐,咪话唔就你,27927934,胡杏儿,7931,热门华语158,ch
821,唔係咁打嘅喜欢的音乐,皆大欢喜,313771,薛家燕,10041,皆大欢笑,ch
822,唔係咁打嘅喜欢的音乐,爱与诚,86849,古巨基,2849,大雄,ch
823,唔係咁打嘅喜欢的音乐,情歌王,86279,古巨基,2849,我还是你的 - 情歌王,ch
824,唔係咁打嘅喜欢的音乐,必杀技,86943,古巨基,2849,游戏 基,ch
825,唔係咁打嘅喜欢的音乐,劲歌金曲,86771,古巨基,2849,劲歌.金曲,ch
826,唔係咁打嘅喜欢的音乐,钟无艳,308353,谢安琪,9952,3/8(新歌+精选),ch
827,唔係咁打嘅喜欢的音乐,山林道,427595574,谢安琪,9952,山林道,ch
828,唔係咁打嘅喜欢的音乐,醉人的一晚,115739,李克勤,3699,一千零一夜,ch
829,唔係咁打嘅喜欢的音乐,为何又是这样错,328667,郑秀文,10571,电影金曲精选,ch
830,唔係咁打嘅喜欢的音乐,喜帖街,308299,谢安琪,9952,Binary,ch
831,唔係咁打嘅喜欢的音乐,亲爱的,139558,潘玮柏,4723,零零七,ch
832,唔係咁打嘅喜欢的音乐,友共情,87211,古巨基,2849,基情年代,ch
833,唔係咁打嘅喜欢的音乐,...Ready For It? (BloodPop® Remix),522617477,Taylor Swift,44266,...Ready For It? (BloodPop® Remix),unknown
834,唔係咁打嘅喜欢的音乐,ME! (feat. Brendon Urie of Panic! At The Disco),1361348080,Taylor Swift,44266,ME! (feat. Brendon Urie of Panic! At The Disco),unknown
835,唔係咁打嘅喜欢的音乐,Ich will immer wieder... dieses Fieber spür'n,22349811,Helene Fischer,60252,So Wie Ich Bin,unknown
836,唔係咁打嘅喜欢的音乐,生命树,25702173,吴雨霏,9615,My January (Deluxe Version),ch
837,唔係咁打嘅喜欢的音乐,"Me, Myself & I",35447075,G-Eazy,820036,"Me, Myself & I",unknown
838,唔係咁打嘅喜欢的音乐,演唱会,65459,陈奕迅,2116,Listen To Eason Chan,ch
839,唔係咁打嘅喜欢的音乐,Lines,516765349,Bülow,12809019,Damaged Vol. 1,unknown
840,唔係咁打嘅喜欢的音乐,唐人,26524402,孙子涵,5103,最近还好么,ch
841,唔係咁打嘅喜欢的音乐,客官不可以,174963,徐良,5929,犯贱,ch
842,唔係咁打嘅喜欢的音乐,最后一次,328158,郑秀文,10571,Sammi Ultimate Collection,ch
843,唔係咁打嘅喜欢的音乐,Labāk vēl neaizmiedz,16411128,Lauris Reiniks,38686,Es skrienu,unknown
844,唔係咁打嘅喜欢的音乐,全日爱,112407,黎明,3701,北京站,ch
845,唔係咁打嘅喜欢的音乐,A-YO,436487058,Lady Gaga,64147,Joanne (Deluxe),unknown
846,唔係咁打嘅喜欢的音乐,Får ikke nok av deg,537131171,Innertier,1063011,Får ikke nok av deg,unknown
847,唔係咁打嘅喜欢的音乐,一个旅人,64809,陈奕迅,2116,H³M,ch
848,唔係咁打嘅喜欢的音乐,红色高跟鞋,208902,蔡健雅,7214,若你碰到他,ch
849,唔係咁打嘅喜欢的音乐,小传奇,365922,Mr.,12266,People Sing For People,ch
850,唔係咁打嘅喜欢的音乐,Para Para Sakura,4878033,郭富城,2852,芭啦芭啦樱之花 电影原声带,ch
851,唔係咁打嘅喜欢的音乐,天涯,144380,任贤齐,4895,为爱走天涯,ch
852,唔係咁打嘅喜欢的音乐,My Heart Will Go On,2308499,Céline Dion,50893,My Love: Ultimate Essential Collection (North American Version),unknown
853,唔係咁打嘅喜欢的音乐,模棱两可,274099,李昊嘉,8700,Enchantment,ch
854,唔係咁打嘅喜欢的音乐,平凡之路,28815250,朴树,4721,猎户星座,ch
855,唔係咁打嘅喜欢的音乐,伤心太平洋,144513,任贤齐,4895,爱像太平洋,ch
856,唔係咁打嘅喜欢的音乐,曾经的你,167975,许巍,5770,每一刻都是崭新的,ch
857,唔係咁打嘅喜欢的音乐,Hey Oh,5242683,群星,122455,R&B蓝调热歌榜,ch
858,唔係咁打嘅喜欢的音乐,杨千嬅,110853,杨千嬅,10204,林夕字传,ch
859,唔係咁打嘅喜欢的音乐,只爱西经,28176114,洪楗华,3224,热门华语202,ch
860,唔係咁打嘅喜欢的音乐,加油！,108406,林俊杰,3684,100天,ch
861,唔係咁打嘅喜欢的音乐,不醉不会,28018072,田馥甄,9548,渺小,ch
862,唔係咁打嘅喜欢的音乐,人间失格,502025938,JUDE,1097156,人间失格,ch
863,唔係咁打嘅喜欢的音乐,淋雨一直走,25640392,张韶涵,10562,有形的翅膀,ch
864,唔係咁打嘅喜欢的音乐,Just Give Me A Reason,21373645,P!nk,70821,The Truth About Love,unknown
865,唔係咁打嘅喜欢的音乐,苦瓜,64293,陈奕迅,2116,Stranger Under My Skin,ch
866,唔係咁打嘅喜欢的音乐,触电 (完整版),345741,芭比,11114,摇头舞曲 3,ch
867,唔係咁打嘅喜欢的音乐,触电,375295,S.H.E,12709,Forever 新歌+精选,ch
868,唔係咁打嘅喜欢的音乐,月牙湾,354352,F.I.R.,11562,爱.歌姬,ch
869,唔係咁打嘅喜欢的音乐,黑择明,65763,陈奕迅,2116,What's Going On…?,ch
870,唔係咁打嘅喜欢的音乐,暗涌,300136,王菲,9621,玩具,ch
871,唔係咁打嘅喜欢的音乐,头发乱了,189012,张学友,6460,释放自己,ch
872,唔係咁打嘅喜欢的音乐,高高在下(粤),110107,刘德华,3691,大人的情歌,ch
873,唔係咁打嘅喜欢的音乐,处处吻,316752,杨千嬅,10204,电光幻影,ch
874,唔係咁打嘅喜欢的音乐,DEADLINE,188365,张敬轩,6462,P.S. I Love You 新歌+精选,ch
875,唔係咁打嘅喜欢的音乐,Moonlight,1298986140,潘玮柏,4723,Moonlight,ch
876,唔係咁打嘅喜欢的音乐,壮举,28111649,张敬轩,6462,是时候…,ch
877,唔係咁打嘅喜欢的音乐,瑕疵,33471532,麦浚龙,4483,Addendum,ch
878,唔係咁打嘅喜欢的音乐,我好想你,26524510,苏打绿,12707,秋：故事,ch
879,唔係咁打嘅喜欢的音乐,相爱很难,36861904,梅艳芳,8918,Celebration 45th Anniversary 环球志101,ch
880,唔係咁打嘅喜欢的音乐,I Can Fly,65795,陈冠希,2122,Confusion,ch
881,唔係咁打嘅喜欢的音乐,生而为人,1297889374,CADY,1047298,生而为人,ch
882,唔係咁打嘅喜欢的音乐,为了你，为了我,347272,Beyond,11127,遥望黄家驹不死音乐精神 特别纪念集92'-93',ch
883,唔係咁打嘅喜欢的音乐,重复犯错,86464,古巨基,2849,Human 我生,ch
884,唔係咁打嘅喜欢的音乐,唯独你是不可取替 (Live),26608518,林二汶,8687,给前度的音乐会,ch
885,唔係咁打嘅喜欢的音乐,走音,65157,侧田,2117,No Protection,ch
886,唔係咁打嘅喜欢的音乐,值得,25727424,张敬轩,6462,Pink Dahlia,ch
887,唔係咁打嘅喜欢的音乐,借火,135272,麦浚龙,4483,Words Of Silence,ch
888,唔係咁打嘅喜欢的音乐,小问题,566506089,AGA,768208,小问题,ch
889,唔係咁打嘅喜欢的音乐,伟大航道,28830084,农夫,12439,奇迹,ch
890,唔係咁打嘅喜欢的音乐,肥仔个头,77622,东山少爷,2520,唱好广州II,ch
891,唔係咁打嘅喜欢的音乐,我不是伟人,63661,陈小春,2112,独家记忆 (Hong Kong Version),ch
892,唔係咁打嘅喜欢的音乐,失恋,349079,草蜢,11265,我们的草蜢,ch
893,唔係咁打嘅喜欢的音乐,都是你的错,191469,郑中基,6473,缘份无边界,ch
894,唔係咁打嘅喜欢的音乐,遇到了,366024,Mr.,12266,If I Am,ch
895,唔係咁打嘅喜欢的音乐,ABC君,82150,方力申,2739,Be Good,ch
896,唔係咁打嘅喜欢的音乐,美女与野兽,191168,郑中基,6473,正宗K,ch
897,唔係咁打嘅喜欢的音乐,彳亍,135171,麦浚龙,4483,无念,ch
898,唔係咁打嘅喜欢的音乐,玩玩具,353638,E-kids,11515,Smile,ch
899,唔係咁打嘅喜欢的音乐,心碎(粤),179768,易欣,6107,别让我为你心碎,ch
900,唔係咁打嘅喜欢的音乐,无能为力,189238,张敬轩,6462,我的梦想我的路,ch
901,唔係咁打嘅喜欢的音乐,Volar,65148,侧田,2117,No Protection,ch
902,唔係咁打嘅喜欢的音乐,光辉的璀璨,102024,黄艺明,3337,光辉的璀璨,ch
903,唔係咁打嘅喜欢的音乐,冷漠,102017,黄艺明,3337,光辉的璀璨,ch
904,唔係咁打嘅喜欢的音乐,Hustler,438981332,Zayde Wølf,12073833,Golden Age,unknown
905,唔係咁打嘅喜欢的音乐,陈某,191525,周柏豪,6479,Follow,ch
906,唔係咁打嘅喜欢的音乐,雨中的恋人们,94576,黄凯芹,3073,挥不去的情感 黄凯芹精选,ch
907,唔係咁打嘅喜欢的音乐,岁月同舟,102020,黄艺明,3337,光辉的璀璨,ch
908,唔係咁打嘅喜欢的音乐,前所未见,213673,陈慧琳,7235,Stylish Index(第2版),ch
909,唔係咁打嘅喜欢的音乐,安守本份,559261010,谷娅溦,7862,安守本份,ch
910,唔係咁打嘅喜欢的音乐,痴心绝对,114741,李圣杰,3705,痴心绝对,ch
911,唔係咁打嘅喜欢的音乐,残酷游戏,26390019,卫兰,9605,Janice 3000 Day & Night Concert,ch
912,唔係咁打嘅喜欢的音乐,二十世纪少年(Unplugged),370776,Ping Pung,12549,Love & Hate,ch
913,唔係咁打嘅喜欢的音乐,经典,115396,林海峰,3709,3omething About Jan Lamb,ch
914,唔係咁打嘅喜欢的音乐,取消资格,64381,陈小春,2112,抱一抱,ch
915,唔係咁打嘅喜欢的音乐,如果我是陈奕迅,366011,Mr.,12266,If I Am,ch
916,唔係咁打嘅喜欢的音乐,电灯胆,224086,邓丽欣,7537,Dating Stephy,ch
917,唔係咁打嘅喜欢的音乐,无赖,191321,郑中基,6473,Before After,ch
918,唔係咁打嘅喜欢的音乐,情歌,64325,侧田,2117,From Justin Collection Of His First 3 Years,ch
919,唔係咁打嘅喜欢的音乐,感动,65109,侧田,2117,No Protection (Dual Disc Version),ch
920,唔係咁打嘅喜欢的音乐,美丽之最,64412,侧田,2117,From Justin Collection Of His First 3 Years,ch
921,唔係咁打嘅喜欢的音乐,男人Ktv,64693,侧田,2117,JTV,ch
922,唔係咁打嘅喜欢的音乐,好人,5260326,侧田,2117,好人歌集,ch
923,唔係咁打嘅喜欢的音乐,命硬,65198,侧田,2117,Justin,ch
924,唔係咁打嘅喜欢的音乐,只是太爱你,28111646,张敬轩,6462,是时候…,ch
925,唔係咁打嘅喜欢的音乐,习惯失恋 (Live In Hong Kong / 2015),40140636,容祖儿,9269,Joey Yung X Hacken Lee Concert 2015,ch
926,唔係咁打嘅喜欢的音乐,心照,192702,郑伊健,6491,Discover,ch
927,唔係咁打嘅喜欢的音乐,遇见,287035,孙燕姿,9272,"My Story, Your Song 经典全纪录 (主打精华版)",ch
928,唔係咁打嘅喜欢的音乐,雨天,286980,孙燕姿,9272,"My Story, Your Song 经典全纪录 (主打精华版)",ch
929,唔係咁打嘅喜欢的音乐,阴天,276936,莫文蔚,8926,就 i Karen 莫文蔚精选,ch
930,唔係咁打嘅喜欢的音乐,好久不见,65538,陈奕迅,2116,认了吧,ch
931,唔係咁打嘅喜欢的音乐,世界真细小,32785335,李克勤,3699,李克勤 我克勤,ch
932,唔係咁打嘅喜欢的音乐,我们的天空,26348100,黄艺明,3337,我们的天空,ch
933,唔係咁打嘅喜欢的音乐,爱得太迟,86477,古巨基,2849,Human 我生,ch
934,唔係咁打嘅喜欢的音乐,执迷不悔 (粤语版),300587,王菲,9621,执迷不悔,ch
935,唔係咁打嘅喜欢的音乐,La conocí bailando (Radio Edit),35920994,Dr. Bellido,354163,La conocí bailando,unknown
936,唔係咁打嘅喜欢的音乐,最美的期待,531295576,周笔畅,10558,最美的期待,ch
937,唔係咁打嘅喜欢的音乐,红豆,299757,王菲,9621,Eyes On Me,ch
938,唔係咁打嘅喜欢的音乐,唉声叹气,328153,郑秀文,10571,Sammi Ultimate Collection,ch
939,唔係咁打嘅喜欢的音乐,El Mismo Sol,32174082,Álvaro Soler,1078381,El Mismo Sol ,unknown
940,唔係咁打嘅喜欢的音乐,温暖的房间,502925986,刘瑞琦,840134,温暖的房间,ch
941,唔係咁打嘅喜欢的音乐,爱的故事.下集.但愿他珍惜你,28914471,孙耀威,4947,男人深声Unforgettable 20,ch
942,唔係咁打嘅喜欢的音乐,永远保护你,146343,孙耀威,4947,So Far So…Close,ch
943,唔係咁打嘅喜欢的音乐,爱的故事(上),147030,孙耀威,4947,爱的故事(上集),ch
944,唔係咁打嘅喜欢的音乐,TIRED,1348792640,楚晴Jasmine Sokko,12131303,TIRED,ch
945,唔係咁打嘅喜欢的音乐,La Vida Seguirá,34033985,Álvaro Soler,1078381,Eterno Agosto (Standard Edition),unknown
946,唔係咁打嘅喜欢的音乐,一场游戏一场梦,158924,王杰,5358,一场游戏一场梦,ch
947,唔係咁打嘅喜欢的音乐,王妃,167942,萧敬腾,5768,王妃,ch
948,唔係咁打嘅喜欢的音乐,忘了你忘了我,158880,王杰,5358,忘了你‧忘了我,ch
949,唔係咁打嘅喜欢的音乐,中国话,375085,S.H.E,12709,Play,ch
950,唔係咁打嘅喜欢的音乐,感谢你曾来过,460578140,周思涵,12292708,卧龙与酒,ch
951,唔係咁打嘅喜欢的音乐,当你孤单你会想起谁,191819,张栋梁,6480,首选,ch
952,唔係咁打嘅喜欢的音乐,If He Doesn’t Love You,29500562,Meiko,66357,Dear You,unknown
953,唔係咁打嘅喜欢的音乐,春风吹,82486,方大同,2738,Soul Boy,ch
954,唔係咁打嘅喜欢的音乐,雅俗共赏,411214279,许嵩,5771,青年晚报,ch
955,唔係咁打嘅喜欢的音乐,"I Don't Like It, I Love It (feat. Robin Thicke & Verdine White)",31234342,Flo Rida,56783,My House,en
956,唔係咁打嘅喜欢的音乐,Jar Of Love,25713016,曲婉婷,9178,Everything In The World (白金庆功版),ch
957,唔係咁打嘅喜欢的音乐,犯贱,64386,陈小春,2112,抱一抱,ch
958,唔係咁打嘅喜欢的音乐,耿耿于怀,135355,麦浚龙,4483,Proto,ch
959,唔係咁打嘅喜欢的音乐,念念不忘,30148268,麦浚龙,4483,念念不忘,ch
960,唔係咁打嘅喜欢的音乐,罗生门,33471531,麦浚龙,4483,Addendum,ch
961,唔係咁打嘅喜欢的音乐,有人,135184,麦浚龙,4483,Nothing Lasts Forever,ch
962,唔係咁打嘅喜欢的音乐,几分伤心几分痴,157121,王杰,5358,杰作,ch
963,唔係咁打嘅喜欢的音乐,是否我真的一无所有,158843,王杰,5358,是否我真的一无所有,ch
964,唔係咁打嘅喜欢的音乐,一场游戏一场梦,157808,王杰,5358,浪子心,ch
965,唔係咁打嘅喜欢的音乐,甩葱歌,223339,初XX来,32690922,甩葱歌,ch
966,唔係咁打嘅喜欢的音乐,紫禁情,25639354,吴雨霏,9615,My January,ch
967,唔係咁打嘅喜欢的音乐,那谁 (Live),27867428,苏永康,4948,Concert YY 黄伟文作品展 演唱会,ch
968,唔係咁打嘅喜欢的音乐,奢侈品,28427258,陈晓琪,7298,奢侈品,ch
969,唔係咁打嘅喜欢的音乐,不吐不快,28111608,张敬轩,6462,是时候…,ch
970,唔係咁打嘅喜欢的音乐,飞云之下,554242032,韩红,7891,飞云之下,ch
971,唔係咁打嘅喜欢的音乐,静悄悄,553815178,陈泫孝（大泫）,13933117,静悄悄,ch
972,唔係咁打嘅喜欢的音乐,侧脸,534542079,于果,12262303,侧脸,ch
973,唔係咁打嘅喜欢的音乐,勇,316498,杨千嬅,10204,千嬅盛放,ch
974,唔係咁打嘅喜欢的音乐,终身美丽,328169,郑秀文,10571,Sammi Ultimate Collection,ch
975,唔係咁打嘅喜欢的音乐,High On Life ,1296550963,Martin Garrix,780003,High On Life ,unknown
976,唔係咁打嘅喜欢的音乐,Coming Home,4038411,Diddy-Dirty Money,91126,Coming Home,unknown
977,唔係咁打嘅喜欢的音乐,"Just Like Fire (From the Original Motion Picture ""Alice Through The Looking Glass"")",409931224,P!nk,70821,"Just Like Fire (From the Original Motion Picture ""Alice Through The Looking Glass"")",unknown
978,唔係咁打嘅喜欢的音乐,"Sit Still, Look Pretty",34532602,Daya,1081186,Daya,en
979,唔係咁打嘅喜欢的音乐,Simple Things feat. Sam Ock & Clara C,30841423,re:plus,21182,miscellany,unknown
980,唔係咁打嘅喜欢的音乐,Imagine (Feat. The 49ers),22743821,re:plus,21182,Everlasting Truth,unknown
981,唔係咁打嘅喜欢的音乐,如若我,1341718383,Pandora樂隊,27865554,The Opening,ch
982,唔係咁打嘅喜欢的音乐,Halo,2188235,Beyoncé,48436,Halo,unknown
983,唔係咁打嘅喜欢的音乐,护花使者,115569,李克勤,3699,雨中街头剧,ch
984,唔係咁打嘅喜欢的音乐,祝福你,5281399,群星,122455,华纳群星贺岁金曲 喜上加喜+天天报喜,ch
985,唔係咁打嘅喜欢的音乐,打上花火,496869422,Daoko,855508,打上花火,ch
986,唔係咁打嘅喜欢的音乐,再也没有,480580003,永彬Ryan.B,12448205,再也没有,ch
987,唔係咁打嘅喜欢的音乐,搜神记 (Live In Hong Kong / 2015),40140666,容祖儿,9269,Joey Yung X Hacken Lee Concert 2015,ch
988,唔係咁打嘅喜欢的音乐,那些年,97357,胡夏,3273,那些年，我们一起追的女孩 电影原声带,ch
989,唔係咁打嘅喜欢的音乐,出卖,31134193,李荣浩,4292,热门华语262,ch
990,唔係咁打嘅喜欢的音乐,漂洋过海来看你,30903117,周深,1030001,漂洋过海来看你,ch
991,唔係咁打嘅喜欢的音乐,宁夏 (Live),30621680,梁静茹,8325,梦想星搭档 第二季,ch
992,唔係咁打嘅喜欢的音乐,爱久见人心,254037,梁静茹,8325,爱久见人心,ch
993,唔係咁打嘅喜欢的音乐,会过去的,254041,梁静茹,8325,爱久见人心,ch
994,唔係咁打嘅喜欢的音乐,油尖旺金毛玲,444003233,Serrini樹妮妮,916007,油尖旺金毛玲,ch
995,唔係咁打嘅喜欢的音乐,秘密,254639,蓝又时,8328,秘密,ch
996,唔係咁打嘅喜欢的音乐,喜欢,526464145,阿肆,7122,喜欢,ch
997,唔係咁打嘅喜欢的音乐,爱夏,101397,胡夏,3273,胡 爱夏,ch
998,唔係咁打嘅喜欢的音乐,Nothing on you,227724,邓福如 AFÜ,7600,Demo&成品合辑,ch
999,唔係咁打嘅喜欢的音乐,寂寞暴走,354476,飞轮海,11561,越来越爱,ch
