,playlist,names,ids,singers,singerids,albums
0,唔係咁打嘅喜欢的音乐,Close To The Sun,1392141694,TheFatRat,1019952,Close To the Sun
1,唔係咁打嘅喜欢的音乐,Sunday Morning,21253953,Maroon 5,96266,Songs About Jane
2,唔係咁打嘅喜欢的音乐,Hiding In The Blue,1852002829,TheFatRat,1019952,Hiding In The Blue
3,唔係咁打嘅喜欢的音乐,Care,29431219,Hudson Taylor,449395,Osea
4,唔係咁打嘅喜欢的音乐,Beat The Devil's Tattoo,16835619,Black Rebel Motorcycle Club,88172,Beat The Devil's Tattoo
5,唔係咁打嘅喜欢的音乐,让我快乐,1428166904,杨和苏KeyNG,13899303,辩护人
6,唔係咁打嘅喜欢的音乐,带我去找夜生活,1410647903,告五人,12676697,带我去找夜生活
7,唔係咁打嘅喜欢的音乐,California Dreaming,4875911,The Mamas & the Papas,78207,声光回忆
8,唔係咁打嘅喜欢的音乐,Empty Love,1435828582,Lulleaux,1115185,Empty Love (feat. Kid Princess)
9,唔係咁打嘅喜欢的音乐,再见,185726,张震岳,6453,再见
10,唔係咁打嘅喜欢的音乐,Little Do You Know,475597495,Campsite Dream,1146068,Little Do You Know
11,唔係咁打嘅喜欢的音乐,"Whenever, Wherever",3407105,Shakira,74623,Laundry Service
12,唔係咁打嘅喜欢的音乐,Forever Young,526472519,朴树,4721,BTV跨年冰雪盛典
13,唔係咁打嘅喜欢的音乐,New Boy,139371,朴树,4721,我去2000年
14,唔係咁打嘅喜欢的音乐,生如夏花,139357,朴树,4721,生如夏花
15,唔係咁打嘅喜欢的音乐,Light Switch,1913421961,Charlie Puth,90331,Light Switch
16,唔係咁打嘅喜欢的音乐,披星戴月,188376,张敬轩,6462,P.S. I Love You 新歌+精选
17,唔係咁打嘅喜欢的音乐,尘埃落定,28138170,张敬轩,6462,是时候…
18,唔係咁打嘅喜欢的音乐,爱与痛的边缘,299090,王菲,9621,情·菲·得意
19,唔係咁打嘅喜欢的音乐,濛,135325,麦浚龙,4483,Walking Underneath
20,唔係咁打嘅喜欢的音乐,没有人,135334,麦浚龙,4483,Walking Underneath
21,唔係咁打嘅喜欢的音乐,周六夜现场（Saturday night）,1911908484,董唧唧,12760523,周六夜现场（Saturday night）
22,唔係咁打嘅喜欢的音乐,为你我受冷风吹,257098,林忆莲,8336,"Love, Sandy"
23,唔係咁打嘅喜欢的音乐,稀客,316510,杨千嬅,10204,千嬅盛放
24,唔係咁打嘅喜欢的音乐,纵贯线兄弟姐妹,394677,纵贯线,13580,北上列车
25,唔係咁打嘅喜欢的音乐,Everybody Knows I Love You (Unplugged),4152989,Lovebugs,95442,Naked
26,唔係咁打嘅喜欢的音乐,Sober Up,487454612,AJR,88089,The Click
27,唔係咁打嘅喜欢的音乐,Everybody Hates Me,544247523,The Chainsmokers,893484,Everybody Hates Me
28,唔係咁打嘅喜欢的音乐,Victim,1905876104,Vanished,12288138,Victim
29,唔係咁打嘅喜欢的音乐,No One but Me,543237932,WAO,1164040,No One but Me
30,唔係咁打嘅喜欢的音乐,New Dawn Is Rising,1843866037,Stonekeepers,31282752,New Dawn Is Rising
31,唔係咁打嘅喜欢的音乐,Lose Yourself,5052317,Eminem,32665,8 Mile
32,唔係咁打嘅喜欢的音乐,Try,5041667,Asher Monroe,28727,Fame (Original Motion Picture Soundtrack)
33,唔係咁打嘅喜欢的音乐,Try,28639182,Colbie Caillat,50890,Gypsy Heart Side A
34,唔係咁打嘅喜欢的音乐,童话镇Plus,428642306,暗杠,1198010,童话镇Plus
35,唔係咁打嘅喜欢的音乐,白鸽,157092,伍佰 & China Blue,222871,白鸽
36,唔係咁打嘅喜欢的音乐,浪人情歌,157357,伍佰 & China Blue,222871,浪人情歌
37,唔係咁打嘅喜欢的音乐,梦醒时分,156284,伍佰 & China Blue,222871,单程车票
38,唔係咁打嘅喜欢的音乐,突然的自我,156374,伍佰 & China Blue,222871,忘情1015精选辑
39,唔係咁打嘅喜欢的音乐,挪威的森林,157288,伍佰 & China Blue,222871,爱情的尽头
40,唔係咁打嘅喜欢的音乐,泪桥,5265278,伍佰,5354,Wild Day Out 2004 生力 Grand Show Official Album
41,唔係咁打嘅喜欢的音乐,被动(Live),156717,伍佰 & China Blue,222871,爱你伍佰年
42,唔係咁打嘅喜欢的音乐,再度重相逢,156772,伍佰 & China Blue,222871,泪桥
43,唔係咁打嘅喜欢的音乐,Last Dance,157276,伍佰 & China Blue,222871,爱情的尽头
44,唔係咁打嘅喜欢的音乐,晚风,156763,伍佰 & China Blue,222871,泪桥
45,唔係咁打嘅喜欢的音乐,披星戴月的想你,1317457805,告五人,12676697,披星戴月的想你
46,唔係咁打嘅喜欢的音乐,孤勇者,1901371647,陈奕迅,2116,孤勇者
47,唔係咁打嘅喜欢的音乐,一万次悲伤,25706279,逃跑计划,12977,世界
48,唔係咁打嘅喜欢的音乐,逆流时光,30394202,安图声乐队,1049310,ANTU SOUND ROCK
49,唔係咁打嘅喜欢的音乐,恋爱为何物,33984203,李克勤,3699,李克勤 我克勤
50,唔係咁打嘅喜欢的音乐,逝去的歌,36199725,旅行团,12111,10 DAY'S
51,唔係咁打嘅喜欢的音乐,静止,357424,花儿乐队,11761,幸福的旁边
52,唔係咁打嘅喜欢的音乐,永远都会在,486999662,旅行团,12111,永远都会在
53,唔係咁打嘅喜欢的音乐,"再见,再见",25706285,逃跑计划,12977,世界
54,唔係咁打嘅喜欢的音乐,所念皆星河,1476239407,房东的猫,1050282,所念皆星河
55,唔係咁打嘅喜欢的音乐,Born to Do,28458116,Steven Cooper,908126,Life & Love
56,唔係咁打嘅喜欢的音乐,Heat Waves,1468928425,Glass Animals,847346,Dreamland
57,唔係咁打嘅喜欢的音乐,Merry Christmas,1899656175,Ed Sheeran,33184,The Lockdown Sessions (Christmas Edition)
58,唔係咁打嘅喜欢的音乐,Cold Heart (PNAU Remix),1869074366,Elton John,32671,Cold Heart (PNAU Remix)
59,唔係咁打嘅喜欢的音乐,Moving On,476323553,Marshmello,1060019,Moving On
60,唔係咁打嘅喜欢的音乐,Leave Before You Love Me,1846482025,Marshmello,1060019,Leave Before You Love Me
61,唔係咁打嘅喜欢的音乐,我们的爱,354593,F.I.R.,11562,F.I.R.同名专辑
62,唔係咁打嘅喜欢的音乐,公路,394679,纵贯线,13580,北上列车
63,唔係咁打嘅喜欢的音乐,亡命之徒,394685,纵贯线,13580,北上列车
64,唔係咁打嘅喜欢的音乐,日落大道,36392029,梁博,166010,迷藏
65,唔係咁打嘅喜欢的音乐,奔跑在孤傲的路上,39436490,旅行团,12111,10 DAY'S
66,唔係咁打嘅喜欢的音乐,Like My Father,1849074493,Jax,46470983,Like My Father
67,唔係咁打嘅喜欢的音乐,Bob Dylan,1403699323,Fall Out Boy,56782,Believers Never Die (Volume Two)
68,唔係咁打嘅喜欢的音乐,Is It Just Me?,1496017614,Sasha Alex Sloan,12646102,Is It Just Me?
69,唔係咁打嘅喜欢的音乐,New Rules,481535731,Dua Lipa,1135086,Dua Lipa (Deluxe)
70,唔係咁打嘅喜欢的音乐,Remember The Name,27083093,Fort Minor,33358,Sampler Mixtape
71,唔係咁打嘅喜欢的音乐,When It Feels Right,1386268248,Chase White,31843729,Out of My Head
72,唔係咁打嘅喜欢的音乐,Breakeven,19542376,The Script,102028,The Script
73,唔係咁打嘅喜欢的音乐,August,1410339379,Intelligency,13714181,Renovatio
74,唔係咁打嘅喜欢的音乐,Born 2 Run,28160132,7Lions,861837,Born 2 Run
75,唔係咁打嘅喜欢的音乐,Eye Of The Tiger,26937348,Survivor,74854,Veronica Album Top 1000 Allertijden 
76,唔係咁打嘅喜欢的音乐,Young Hearts,423997500,BUNT.,744145,Young Hearts
77,唔係咁打嘅喜欢的音乐,Edge Of The Night,1881953682,Sheppard,200742,Highest of Highs
78,唔係咁打嘅喜欢的音乐,Renaissance,39324743,Steve James,43322,Renaissance
79,唔係咁打嘅喜欢的音乐,Edamame (ft. Rich Brian),1861126812,bbno$,12054171,Edamame (ft. Rich Brian)
80,唔係咁打嘅喜欢的音乐,Burn the House Down,545655045,AJR,88089,Burn the House Down
81,唔係咁打嘅喜欢的音乐,Let's Go,524104628,Full Trunk,12917201,Show Us What You Got
82,唔係咁打嘅喜欢的音乐,想去海边,1413863166,夏日入侵企画,12383009,想去海边
83,唔係咁打嘅喜欢的音乐,必杀技,86030,古巨基,2849,金牌精选
84,唔係咁打嘅喜欢的音乐,One Thing Right,1372836821,Marshmello,1060019,One Thing Right
85,唔係咁打嘅喜欢的音乐,Here With Me,1350656778,Marshmello,1060019,Here With Me
86,唔係咁打嘅喜欢的音乐,Come & Go,1461351123,Juice WRLD,13581233,Legends Never Die
87,唔係咁打嘅喜欢的音乐,放空,1841002409,大籽,33735716,放空
88,唔係咁打嘅喜欢的音乐,Shivers,1876212794,Ed Sheeran,33184,Shivers
89,唔係咁打嘅喜欢的音乐,223's,1382666583,YNW Melly,13672034,223's
90,唔係咁打嘅喜欢的音乐,Immortals,30967261,Fall Out Boy,56782,ベイマックス オリジナル・サウンドトラック
91,唔係咁打嘅喜欢的音乐,开着敞篷车,1876395183,king金鑫,12346690,开着敞篷车
92,唔係咁打嘅喜欢的音乐,俾面派对,347643,Beyond,11127,命运派对
93,唔係咁打嘅喜欢的音乐,好好恋爱,5261521,邓丽欣,7537,Love 05 情歌集
94,唔係咁打嘅喜欢的音乐,大地,347758,Beyond,11127,秘密警察
95,唔係咁打嘅喜欢的音乐,喜欢你,346073,Beyond,11127,Beyond 25th Anniversary
96,唔係咁打嘅喜欢的音乐,情人,347241,Beyond,11127,海阔天空
97,唔係咁打嘅喜欢的音乐,冷雨夜,346069,Beyond,11127,Beyond 25th Anniversary
98,唔係咁打嘅喜欢的音乐,光辉岁月,346576,Beyond,11127,光辉岁月十五年
99,唔係咁打嘅喜欢的音乐,真的爱你,346075,Beyond,11127,Beyond 25th Anniversary
100,唔係咁打嘅喜欢的音乐,海阔天空,346089,Beyond,11127,Beyond 25th Anniversary
101,唔係咁打嘅喜欢的音乐,Better Now,1383729792,BLANKS,49482,Better Now
102,唔係咁打嘅喜欢的音乐,逝去日子,346076,Beyond,11127,Beyond 25th Anniversary
103,唔係咁打嘅喜欢的音乐,无尽空虚,346591,Beyond,11127,光辉岁月十五年
104,唔係咁打嘅喜欢的音乐,谁伴我闯荡,346085,Beyond,11127,Beyond 25th Anniversary
105,唔係咁打嘅喜欢的音乐,农民,22831967,Beyond,11127,Beyond 20th Anniversary
106,唔係咁打嘅喜欢的音乐,遥望,347274,Beyond,11127,遥望黄家驹不死音乐精神 特别纪念集92'-93'
107,唔係咁打嘅喜欢的音乐,我们的时光,29567193,赵雷,6731,吉姆餐厅
108,唔係咁打嘅喜欢的音乐,成都,436514312,赵雷,6731,成都
109,唔係咁打嘅喜欢的音乐,Another One Bites the Dust,1868486,Queen,41906,Absolute Greatest
110,唔係咁打嘅喜欢的音乐,"Liar, Liar",5059114,The Castaways,12647340,"Good Morning, Vietnam (The Original Motion Picture Soundtrack)"
111,唔係咁打嘅喜欢的音乐,Bohemian Rhapsody,1868553,Queen,41906,Absolute Greatest
112,唔係咁打嘅喜欢的音乐,Killer Queen,27198673,Queen,41906,Special Edition GOLD
113,唔係咁打嘅喜欢的音乐,Glorious,1315531792,Macklemore,40036,GEMINI
114,唔係咁打嘅喜欢的音乐,没有理想的人不伤心,1412010941,左小祖咒,6467,台湾
115,唔係咁打嘅喜欢的音乐,LEMONADE,1385110163,I Don't Like Mondays.,1017071,FUTURE
116,唔係咁打嘅喜欢的音乐,Summer Dream (feat. Chevy),1854644975,Kirara Magic,30226109,Summer Dream (feat. Chevy)
117,唔係咁打嘅喜欢的音乐,"花,太阳,彩虹,你",1826189041,Mai,6309,MYSTERY TOY BOX
118,唔係咁打嘅喜欢的音乐,Mood,1464325108,24kGoldn,31081554,Mood
119,唔係咁打嘅喜欢的音乐,还是分开,465921195,张叶蕾,12213291,还是分开
120,唔係咁打嘅喜欢的音乐,We Are The People (Official UEFA EURO 2020 Song),1843889342,Martin Garrix,780003,We Are The People (Official UEFA EURO 2020 Song)
121,唔係咁打嘅喜欢的音乐,So Far Away,521416693,Martin Garrix,780003,So Far Away
122,唔係咁打嘅喜欢的音乐,偷偷摸摸,113183,李克勤,3699,Custom Made
123,唔係咁打嘅喜欢的音乐,STAY,1859245776,The Kid LAROI,32795025,STAY
124,唔係咁打嘅喜欢的音乐,与海无关,1807799506,告五人,12676697,运气来得若有似无
125,唔係咁打嘅喜欢的音乐,生活在别处的你 Another me,1860567964,毛不易,12138269,生活在别处的你 Another me
126,唔係咁打嘅喜欢的音乐,Feelings,29019232,Maroon 5,96266,V
127,唔係咁打嘅喜欢的音乐,太傻(粤),158539,巫启贤,5359,心酸的情歌
128,唔係咁打嘅喜欢的音乐,Holiday,1851048356,KSI,1057180,Holiday
129,唔係咁打嘅喜欢的音乐,You Right,1855286224,Doja Cat,911131,Planet Her
130,唔係咁打嘅喜欢的音乐,라떼한잔,5376371,Gavy NJ,126792,가비효과
131,唔係咁打嘅喜欢的音乐,Nancy Mulligan,460298206,Ed Sheeran,33184,÷ (Deluxe)
132,唔係咁打嘅喜欢的音乐,Bad Habits,1855475139,Ed Sheeran,33184,Bad Habits
133,唔係咁打嘅喜欢的音乐,You Are Not Alone,1697653,Michael Jackson,38853,The Ultimate Collection
134,唔係咁打嘅喜欢的音乐,天与海,1494738691,Kiki,37457856,天与海
135,唔係咁打嘅喜欢的音乐,永不失联的爱,523250334,周兴哲,980025,如果雨之后
136,唔係咁打嘅喜欢的音乐,我是一只鱼,144515,任贤齐,4895,爱像太平洋
137,唔係咁打嘅喜欢的音乐,夜空中最亮的星,25706282,逃跑计划,12977,世界
138,唔係咁打嘅喜欢的音乐,Sunday Morning,1854076001,Maroon 5,96266,Soul Pop
139,唔係咁打嘅喜欢的音乐,愿你决定,187408,张国荣,6457,大热
140,唔係咁打嘅喜欢的音乐,Drag Me Down,33579194,One Direction,98351,Drag Me Down
141,唔係咁打嘅喜欢的音乐,Lose Somebody,1446156978,Kygo,844410,Lose Somebody
142,唔係咁打嘅喜欢的音乐,Broken Drum,417250643,Cash Cash,50905,Broken Drum
143,唔係咁打嘅喜欢的音乐,人若然忘记了爱,191177,郑中基,6473,正宗K
144,唔係咁打嘅喜欢的音乐,听书,1843986876,暗杠,1198010,听书
145,唔係咁打嘅喜欢的音乐,千里行走,1385144622,暗杠,1198010,千里行走
146,唔係咁打嘅喜欢的音乐,寥寥此生虚度,1345693415,暗杠,1198010,寥寥此生虚度
147,唔係咁打嘅喜欢的音乐,说书人,1303019637,暗杠,1198010,说书人
148,唔係咁打嘅喜欢的音乐,走歌人18,866018207,暗杠,1198010,走歌人18
149,唔係咁打嘅喜欢的音乐,走歌人,418990139,暗杠,1198010,走歌人
150,唔係咁打嘅喜欢的音乐,Hit That,21965137,The Offspring,101992,Splinter
151,唔係咁打嘅喜欢的音乐,Grandpa's Groove ,434981473,Parov Stelar,41196,Grandpa's Groove
152,唔係咁打嘅喜欢的音乐,你不在我身边,534064498,邵洪,33574868,你不在我身边
153,唔係咁打嘅喜欢的音乐,纸牌屋,27698711,李克勤,3699,纸牌屋
154,唔係咁打嘅喜欢的音乐,谁愿放手,215973,陈慧琳,7235,谁愿放手
155,唔係咁打嘅喜欢的音乐,黄昏,190072,周传雄,6652,忘记 transfer
156,唔係咁打嘅喜欢的音乐,红装,174961,徐良,5929,犯贱
157,唔係咁打嘅喜欢的音乐,他约我去迪士尼,5262015,陈晓琪,7298,星光闪耀迪士尼
158,唔係咁打嘅喜欢的音乐,嫁妆,94540,陈慧琳,7235,Y100 (Evil版)
159,唔係咁打嘅喜欢的音乐,前世,213617,陈慧琳,7235,Grace & Charm
160,唔係咁打嘅喜欢的音乐,Still Waiting,4278394,Sum 41,99989,The Best Of Sum 41
161,唔係咁打嘅喜欢的音乐,不再犹豫,347597,Beyond,11127,Deliberate 犹豫
162,唔係咁打嘅喜欢的音乐,Intro,4341314,The xx,102035,xx
163,唔係咁打嘅喜欢的音乐,清明雨上,167882,许嵩,5771,自定义
164,唔係咁打嘅喜欢的音乐,Floating (filous Remix),1347159427,Alina Baraz,860532,The Color Of You (Remixes)
165,唔係咁打嘅喜欢的音乐,Bloodshot Freestyle,1321439523,Demxntia,12598596,Bloodshot Freestyle
166,唔係咁打嘅喜欢的音乐,这些年来,29343376,张国荣,6457,Leslie Cheung Four Seasons
167,唔係咁打嘅喜欢的音乐,一,28838219,AGA,768208,一
168,唔係咁打嘅喜欢的音乐,Walls,528272637,Ruben,12347080,Walls
169,唔係咁打嘅喜欢的音乐,Beautiful Mistakes,1824584848,Maroon 5,96266,Beautiful Mistakes
170,唔係咁打嘅喜欢的音乐,오래된 노래,5395566,Standing Egg,127686,오래된 노래
171,唔係咁打嘅喜欢的音乐,To the Sky,1807813,Owl City,40859,To The Sky
172,唔係咁打嘅喜欢的音乐,Sad Story (Out Of Luck),475264123,Merk & Kremont,844467,Sad Story (Out Of Luck)
173,唔係咁打嘅喜欢的音乐,You’re Not Alone,29460504,Owl City,40859,You're Not Alone
174,唔係咁打嘅喜欢的音乐,Good Time,17706535,Owl City,40859,The Midsummer Station
175,唔係咁打嘅喜欢的音乐,Headlight -piano version-,776789,MONKEY MAJIK,20453,Headlight
176,唔係咁打嘅喜欢的音乐,On My Own,28263184,Blitz Kids,897064,The Good Youth
177,唔係咁打嘅喜欢的音乐,Hey Hi Hello ,418573011,Hollywood Wildlife,12062328,Hollywood Wildlife
178,唔係咁打嘅喜欢的音乐,我知道（《比赛开始》片尾曲）,1430303185,By2,11097,《比赛开始》影视原声
179,唔係咁打嘅喜欢的音乐,RU 謝霆鋒金曲串燒,1361353562,RU,31960592,RU 一生中最愛
180,唔係咁打嘅喜欢的音乐,爱的呼唤,1814508991,Dear Jane,11378,Timeless 
181,唔係咁打嘅喜欢的音乐,Rollercoaster,28748227,Bean,401383,Rollercoaster - EP
182,唔係咁打嘅喜欢的音乐,从前,336474,朱茵,10628,跳起来
183,唔係咁打嘅喜欢的音乐,turn over?,1479230410,Mr.Children,20455,turn over?
184,唔係咁打嘅喜欢的音乐,突然想起你,419827628,萧亚轩,9945,靓声天后
185,唔係咁打嘅喜欢的音乐,Born for More,31108473,Jenna Davis,1054066,Born for More
186,唔係咁打嘅喜欢的音乐,Downfalls,1438808727,Cally Rhodes,12603359,Downfalls
187,唔係咁打嘅喜欢的音乐,Miracle,426026535,Tiborg,743050,Miracle
188,唔係咁打嘅喜欢的音乐,Because of You,16232697,Kelly Clarkson,62885,Because Of You
189,唔係咁打嘅喜欢的音乐,Where We Started,1389194224,Lost Sky,28389556,Where We Started
190,唔係咁打嘅喜欢的音乐,Love Is Gone (Acoustic),1401671455,SLANDER,1137239,Love Is Gone (Acoustic)
191,唔係咁打嘅喜欢的音乐,Why Would I Ever,3305969,Paula DeAnda,72480,Why Would I Ever
192,唔係咁打嘅喜欢的音乐,The Way I Still Love You,28718313,Reynard Silva,42608,Reynard Silva
193,唔係咁打嘅喜欢的音乐,This Is It,1342157440,Oh The Larceny,12333048,Blood Is Rebel
194,唔係咁打嘅喜欢的音乐,Light That Fire,485964978,Oh The Larceny,12333048,Oh the Larceny
195,唔係咁打嘅喜欢的音乐,King,422132112,Zayde Wølf,12073833,Rare Breed
196,唔係咁打嘅喜欢的音乐,The Upside of Down,1206828,Chris August,30783,The Upside of Down
197,唔係咁打嘅喜欢的音乐,Save Me,460476510,DEAMN,12047335,Save Me
198,唔係咁打嘅喜欢的音乐,Sign,440101136,DEAMN,12047335,Sign
199,唔係咁打嘅喜欢的音乐,Leave The Door Open,1824927085,Bruno Mars,178059,An Evening With Silk Sonic
200,唔係咁打嘅喜欢的音乐,Pillow talk,29723074,Auryn,87424,Circus Avenue (Fan Edition)
201,唔係咁打嘅喜欢的音乐,So Good (Alex Adair Remix),441566422,Louisa Johnson,1192273,So Good (Alex Adair Remix)
202,唔係咁打嘅喜欢的音乐,Heart Like California,28828120,Before You Exit,88867,Heart Like California
203,唔係咁打嘅喜欢的音乐,Night Changes,29719175,One Direction,98351,Four
204,唔係咁打嘅喜欢的音乐,House of Cards,31545205,Tyler Shaw,1028192,House of Cards
205,唔係咁打嘅喜欢的音乐,The Story Never Ends (Piano Version),437802479,Lauv,1057226,The Story Never Ends (Piano Version)
206,唔係咁打嘅喜欢的音乐,Hold Us Together,480517594,WILD,12074090,Hold Us Together
207,唔係咁打嘅喜欢的音乐,Contact,500412390,Lulleaux,1115185,Contact
208,唔係咁打嘅喜欢的音乐,This is Us,1423417557,Jimmie Allen,30021162,This is Us
209,唔係咁打嘅喜欢的音乐,月球下的人,407927304,李幸倪,8653,月球下的人
210,唔係咁打嘅喜欢的音乐,夕阳无限好,66272,陈奕迅,2116,U-87
211,唔係咁打嘅喜欢的音乐,Round & Round,477936528,The Spacies,12175190,Round & Round
212,唔係咁打嘅喜欢的音乐,Headlight-English version-,26127499,MONKEY MAJIK,20453,ENGLISH BEST
213,唔係咁打嘅喜欢的音乐,Deep Blue (feat. Monika Santucci),1381084455,William Black,248957,Pages
214,唔係咁打嘅喜欢的音乐,Million Days,1417055605,Sabai,32093901,Million Days
215,唔係咁打嘅喜欢的音乐,Headlight,776782,MONKEY MAJIK,20453,Headlight
216,唔係咁打嘅喜欢的音乐,Love Me Like a Friend,1398622038,Fly By Midnight,1163027,Love Me Like a Friend
217,唔係咁打嘅喜欢的音乐,Blinding Lights,1406633327,The Weeknd,185858,Blinding Lights
218,唔係咁打嘅喜欢的音乐,2 soon,1303019276,keshi,12544511,2 soon
219,唔係咁打嘅喜欢的音乐,Stronger,18969325,Kanye West,37520,Stronger
220,唔係咁打嘅喜欢的音乐,I Feel It Coming,441491167,The Weeknd,185858,Starboy
221,唔係咁打嘅喜欢的音乐,Sweet but Psycho,1480204502,Ava Max,14486166,Heaven & Hell
222,唔係咁打嘅喜欢的音乐,Just a Dream,1990093,Kurt Hugo Schneider,37962,Just a Dream
223,唔係咁打嘅喜欢的音乐,Midnight City,16957780,M83,38865,Midnight City (Remixes)
224,唔係咁打嘅喜欢的音乐,밤 하늘의 별을(2020),1495775480,경서,33882134,밤하늘의 별을(2020)
225,唔係咁打嘅喜欢的音乐,浪流連,1307822531,茄子蛋,1039873,浪流連
226,唔係咁打嘅喜欢的音乐,Sweet Dreams (Are Made Of This),26907013,Eurythmics,55563,Classic Rock 80's
227,唔係咁打嘅喜欢的音乐,Mad at Disney,1454317928,salem ilese,35501211,Mad at Disney
228,唔係咁打嘅喜欢的音乐,美猴王,1818723382,倒悬的橘子,12433758,美猴王
229,唔係咁打嘅喜欢的音乐,SEPARATION ANXIETY,1483504639,鷺巣詩郎,15300,NEON GENESIS EVANGELION SOUNDTRACK 25th ANNIVERSARY BOX
230,唔係咁打嘅喜欢的音乐,Separation Anxiety,4171152,L’Astronaut,96191,Conversations In Frequency
231,唔係咁打嘅喜欢的音乐,Last Dance,1443886272,伍佰 & China Blue,222871,想见你 电视原声带
232,唔係咁打嘅喜欢的音乐,Intentions,1807533776,Justin Bieber,35531,Buon Anno 2021
233,唔係咁打嘅喜欢的音乐,Intentions (Acoustic),1432101409,Justin Bieber,35531,Intentions (Acoustic)
234,唔係咁打嘅喜欢的音乐,Say So,1401302504,Doja Cat,911131,Hot Pink
235,唔係咁打嘅喜欢的音乐,Dynamite,1376076133,Westlife,45839,Spectrum
236,唔係咁打嘅喜欢的音乐,Basketball,1939998,Kurtis Blow,63033,NBA 2K12 Soundtrack
237,唔係咁打嘅喜欢的音乐,トーチ・ライター,815150,DOES,19110,クローズZERO II オリジナル・サウンドトラック
238,唔係咁打嘅喜欢的音乐,호랑수월가 (Cover）,1496065766,침대점령,0,
239,唔係咁打嘅喜欢的音乐,Hero lives in you ~Short Ver.~,4880736,黒木メイサ,16727,クローズ ZERO オリジナル・サウンドトラック
240,唔係咁打嘅喜欢的音乐,你是你本身的传奇,484805943,方皓玟,7668,404 Not Found
241,唔係咁打嘅喜欢的音乐,"明日めざして <M-43,M-21,M-48>",4968377,矢野立美,15948,ウルトラマンティガ COMPLETE“TIGA”EDITION
242,唔係咁打嘅喜欢的音乐,高老庄,1814041552,倒悬的橘子,12433758,高老庄
243,唔係咁打嘅喜欢的音乐,大唐Gang （prod by.Fantom）,1810577953,倒悬的橘子,12433758,大唐gang
244,唔係咁打嘅喜欢的音乐,Watermelon Sugar,1404228064,Harry Styles,12355573,Fine Line
245,唔係咁打嘅喜欢的音乐,开始恋爱,353653,E-kids,11515,Diary
246,唔係咁打嘅喜欢的音乐,城府,167885,许嵩,5771,自定义
247,唔係咁打嘅喜欢的音乐,Roll with It,4226344,Oasis,98110,Roll With It
248,唔係咁打嘅喜欢的音乐,"Rainy day (Feat. ASH ISLAND, Skinny Brown)",1464189002,PATEKO,33950896,Rainy day
249,唔係咁打嘅喜欢的音乐,Oh No!,1341509284,Синтетика,31332986,"""Шаолинь школа для шлюх"""
250,唔係咁打嘅喜欢的音乐,嚣张,1382596189,en,32220939,嚣张
251,唔係咁打嘅喜欢的音乐,Monsoon Night,1348435024,Sekai no Owari,21463,Eye
252,唔係咁打嘅喜欢的音乐,大丈夫,428203967,wacci,22367,日常ドラマチック
253,唔係咁打嘅喜欢的音乐,歩み,423228440,wacci,22367,歩み
254,唔係咁打嘅喜欢的音乐,フレンズ,1424017917,wacci,22367,フレンズ
255,唔係咁打嘅喜欢的音乐,君のものだった,864429,wacci,22367,泣き笑らいふ
256,唔係咁打嘅喜欢的音乐,僕らの日々,499222670,wacci,22367,感情百景
257,唔係咁打嘅喜欢的音乐,男友達,499222681,wacci,22367,感情百景
258,唔係咁打嘅喜欢的音乐,キラメキ,29709915,wacci,22367,キラメキ
259,唔係咁打嘅喜欢的音乐,Old Town Road,1359485458,Walk off the Earth,105493,Old Town Road
260,唔係咁打嘅喜欢的音乐,白いスーツのテーマ,811820,市川淳,14382,TBS系 金曜ドラマ うぬぼれ刑事 オリジナル・サウンドトラック
261,唔係咁打嘅喜欢的音乐,Frame of Mind,28473540,Tristam,104350,Frame of Mind
262,唔係咁打嘅喜欢的音乐,Kangaroo Court,4016469,Capital Cities,90447,Kangaroo Court
263,唔係咁打嘅喜欢的音乐,站在草原望北京,305734,乌兰图雅,9838,站在草原望北京
264,唔係咁打嘅喜欢的音乐,James Bond Theme,1498890,John Barry,35381,Dr. No (Original Motion Picture Soundtrack)
265,唔係咁打嘅喜欢的音乐,Magic,26608507,One Direction,98351,Take Me Home (Special Deluxe Edition)
266,唔係咁打嘅喜欢的音乐,Magic,26812109,B.o.B,129271,Blazin' 2011
267,唔係咁打嘅喜欢的音乐,No Excuses,541687309,Meghan Trainor,69173,No Excuses
268,唔係咁打嘅喜欢的音乐,Dennis Rodman,465973760,mansionz,12250287,Dennis Rodman
269,唔係咁打嘅喜欢的音乐,The Set Up,27770736,Favored Nations,0,The Music of Grand Theft Auto V
270,唔係咁打嘅喜欢的音乐,DADDY! DADDY! DO!,1440648326,鈴木雅之,160376,DADDY! DADDY! DO! feat. 鈴木愛理
271,唔係咁打嘅喜欢的音乐,YELL,718563,いきものがかり,19270,YELL/じょいふる
272,唔係咁打嘅喜欢的音乐,Eastside,1304848875,Benny Blanco,286948,2018 Rising Artists
273,唔係咁打嘅喜欢的音乐,What I Like About You,1353368988,Jonas Blue,1192069,What I Like About You
274,唔係咁打嘅喜欢的音乐,I WANNA CHANGE,815138,THE STREET BEATS,21881,クローズZERO II オリジナル・サウンドトラック
275,唔係咁打嘅喜欢的音乐,Into the Battlefield,4880738,大坪直樹,12231031,クローズ ZERO オリジナル・サウンドトラック
276,唔係咁打嘅喜欢的音乐,Whip A Tesla,1368704646,Yung Gravy,12323203,Sensational
277,唔係咁打嘅喜欢的音乐,Cravin,1397620019,DaniLeigh,12448164,Cravin
278,唔係咁打嘅喜欢的音乐,The Reluctant Heroes,26562718,澤野弘之,15290,「進撃の巨人」オリジナルサウンドトラック
279,唔係咁打嘅喜欢的音乐,奇迹再现,27901832,毛华锋,4552,
280,唔係咁打嘅喜欢的音乐,TAKE ME HIGHER (TV Size),4968352,矢野立美,15948,ウルトラマンティガ COMPLETE“TIGA”EDITION
281,唔係咁打嘅喜欢的音乐,LOST IN PARADISE,1483023596,ALI,33092800,LOST IN PARADISE
282,唔係咁打嘅喜欢的音乐,Stand Out Fit In,1327191622,ONE OK ROCK,20878,Eye Of The Storm
283,唔係咁打嘅喜欢的音乐,会不会（正式版）,1489065373,刘大壮,31165848,会不会
284,唔係咁打嘅喜欢的音乐,如果这都不算爱,188432,张学友,6460,学友 热
285,唔係咁打嘅喜欢的音乐,Lust For Life (The Prodigy Remix),455311430,Iggy Pop,35045,T2 Trainspotting (Original Motion Picture Soundtrack)
286,唔係咁打嘅喜欢的音乐,等你等到我心痛,190360,张学友,6460,等你等到我心痛 张学友精选
287,唔係咁打嘅喜欢的音乐,世界が終るまでは…~TV Version~,27495025,WANDS,22299,Slam Dunk Complete Vocal Collection ~TV Version~
288,唔係咁打嘅喜欢的音乐,Sex,403710388,Cheat Codes,1078252,Sex
289,唔係咁打嘅喜欢的音乐,층간스캔들,39436186,Plastic,896043,Love Falling
290,唔係咁打嘅喜欢的音乐,beloved,22737380,浜崎あゆみ,16405,FIVE
291,唔係咁打嘅喜欢的音乐,花鳥風月,22814470,Sekai no Owari,21463,ENTERTAINMENT
292,唔係咁打嘅喜欢的音乐,再谈记忆,472137696,盘尼西林,900021,与世界温暖相拥
293,唔係咁打嘅喜欢的音乐,世界に一つだけの花 (シングルヴァージョン),817491,SMAP,21311,世界に一つだけの花
294,唔係咁打嘅喜欢的音乐,是但求其爱,1496602290,陈奕迅,2116,是但求其爱
295,唔係咁打嘅喜欢的音乐,Starboy,461544117,The Weeknd,185858,BRIT Awards 2017
296,唔係咁打嘅喜欢的音乐,笨小孩 (Live),29723024,刘德华,3691,Wonderful World 香港演唱会 2007
297,唔係咁打嘅喜欢的音乐,Dancing With A Stranger,1338962014,Sam Smith,740216,Dancing With A Stranger
298,唔係咁打嘅喜欢的音乐,Extreme Ways (Jason Bourne),423118313,Moby,38857,Extreme Ways (Jason Bourne)
299,唔係咁打嘅喜欢的音乐,Extreme Ways (Bourne's Ultimatum),22490436,Moby,38857,Extreme Ways (Bourne's Ultimatum)
300,唔係咁打嘅喜欢的音乐,TOMORROW,26121602,岡本真夜,160885,TOMORROW
301,唔係咁打嘅喜欢的音乐,Lemon,1466598056,米津玄師,159300,STRAY SHEEP
302,唔係咁打嘅喜欢的音乐,如果当时2020,1488737309,许嵩,5771,如果当时2020
303,唔係咁打嘅喜欢的音乐,Come with Me Now,28458196,Kongos,908169,Lunatic
304,唔係咁打嘅喜欢的音乐,功夫佛山,436667830,Radio-Man,12127922,功夫佛山
305,唔係咁打嘅喜欢的音乐,灰色轨迹,32701152,Beyond,11127,Beyond 24K Gold 金碟至尊精选
306,唔係咁打嘅喜欢的音乐,I Like It Heavy ,516750701,Halestorm,60221,Mistress for Christmas
307,唔係咁打嘅喜欢的音乐,Death by Glamour,39227620,Toby Fox,1193377,UNDERTALE Soundtrack
308,唔係咁打嘅喜欢的音乐,Bodak Yellow,1378374109,Cardi B,12504253,The Sauce
309,唔係咁打嘅喜欢的音乐,I Like It,1298038155,Cardi B,12504253,Summer 2018
310,唔係咁打嘅喜欢的音乐,my ex's best friend,1468946163,Machine Gun Kelly,40329,my ex's best friend
311,唔係咁打嘅喜欢的音乐,Candy,1376076714,Machine Gun Kelly,40329,Hotel Diablo
312,唔係咁打嘅喜欢的音乐,Sick and Tired,1441156571,iann dior,31532704,Sick and Tired
313,唔係咁打嘅喜欢的音乐,"Alone, Pt. II",1411973459,Alan Walker,1045123,"Alone, Pt. II"
314,唔係咁打嘅喜欢的音乐,Who's Laughing Now,1480204498,Ava Max,14486166,Heaven & Hell
315,唔係咁打嘅喜欢的音乐,Kings & Queens,1480204491,Ava Max,14486166,Heaven & Hell
316,唔係咁打嘅喜欢的音乐,So Am I,1480203555,Ava Max,14486166,Heaven & Hell
317,唔係咁打嘅喜欢的音乐,Easier – Remix (with Charlie Puth),1383864027,5 Seconds of Summer,893624,Easier – Remix (with Charlie Puth)
318,唔係咁打嘅喜欢的音乐,Counting Stars,28476557,OneRepublic,98105,W9 Hits 2014 Vol.2
319,唔係咁打嘅喜欢的音乐,Salt,1480204501,Ava Max,14486166,Heaven & Hell
320,唔係咁打嘅喜欢的音乐,Birds,1372925906,Imagine Dragons,94779,Birds
321,唔係咁打嘅喜欢的音乐,Sucker For Pain,418550479,Lil Wayne,38118,Suicide Squad: The Album
322,唔係咁打嘅喜欢的音乐,Whatever It Takes,1470907433,Imagine Dragons,94779,Best of 2018
323,唔係咁打嘅喜欢的音乐,Natural,1470909177,Imagine Dragons,94779,Best of 2018
324,唔係咁打嘅喜欢的音乐,Break,436487139,Kero Kero Bonito,858456,Bonito Generation
325,唔係咁打嘅喜欢的音乐,我想更懂你,139703,潘玮柏,4723,反转地球
326,唔係咁打嘅喜欢的音乐,Tuesday,421423245,Burak Yeter,963635,Tuesday
327,唔係咁打嘅喜欢的音乐,Pussyfooting,17852511,Fujiya & Miyagi,92463,Lightbulbs
328,唔係咁打嘅喜欢的音乐,Teeth,1385738126,5 Seconds of Summer,893624,Teeth
329,唔係咁打嘅喜欢的音乐,Savage Love (Laxed - Siren Beat),1454664682,Jawsh 685,34967130,Savage Love (Laxed - Siren Beat)
330,唔係咁打嘅喜欢的音乐,Geraldines Routine,1365180972,Tape Five,102749,"Tanzcafe Arlberg, Vol. 2"
331,唔係咁打嘅喜欢的音乐,不喜欢下雨天 Remix,1449754092,PIggy,32097566,不喜欢下雨天 Remix
332,唔係咁打嘅喜欢的音乐,Be Somebody,2009803,Thousand Foot Krutch,44324,The End Is Where We Begin
333,唔係咁打嘅喜欢的音乐,Somebody New,1322354757,Olly Murs,41034,You Know I Know (Deluxe)
334,唔係咁打嘅喜欢的音乐,Nicknames,1433256980,Walk off the Earth,105493,Nicknames
335,唔係咁打嘅喜欢的音乐,Happy,3026554,MOCCA,66349,Untuk Rena
336,唔係咁打嘅喜欢的音乐,Stay Loose,29365650,BRONCHO,1015040,Just Enough Hip To Be Woman
337,唔係咁打嘅喜欢的音乐,下半生(粤语版),28828693,郭燕,7378,雕刻时光
338,唔係咁打嘅喜欢的音乐,Good Life,466122659,G-Eazy,820036,The Fate of the Furious: The Album
339,唔係咁打嘅喜欢的音乐,Not My Party,1403374745,Strandels,12171083,Not My Party
340,唔係咁打嘅喜欢的音乐,人生苦短,1342278329,JSore,12002137,及时
341,唔係咁打嘅喜欢的音乐,21,1424675505,Gracie Abrams,33515545,21
342,唔係咁打嘅喜欢的音乐,Come Back For You (Morgan Page Remix),531040135,Morgan Page,39698,Come Back For You (Morgan Page Remix)
343,唔係咁打嘅喜欢的音乐,相反的我,328029,张芸京,10572,相反的我
344,唔係咁打嘅喜欢的音乐,Human,422073136,Rag'N'Bone Man,1053202,Human
345,唔係咁打嘅喜欢的音乐,Shake It Out (feat. Adam Longlands),427595995,Wizardz of Oz,1073054,Superpop (Like You Mean It)
346,唔係咁打嘅喜欢的音乐,Please Don’t Touch,1409277284,RAYE,1077053,Please Don’t Touch
347,唔係咁打嘅喜欢的音乐,Jocelin,16532462,Leddra Chapman,66020,Telling Tales
348,唔係咁打嘅喜欢的音乐,There's No Way,1310619662,Lauv,1057226,There's No Way
349,唔係咁打嘅喜欢的音乐,Count The Hours,1380022214,BEAUZ,12131436,Count The Hours
350,唔係咁打嘅喜欢的音乐,YELLOW,1356248072,神山羊,12323265,しあわせなおとな
351,唔係咁打嘅喜欢的音乐,柳叶笺,553795744,朱彦安,12057021,柳叶笺
352,唔係咁打嘅喜欢的音乐,Almost Lover,16426514,A Fine Frenzy,46493,One Cell In The Sea
353,唔係咁打嘅喜欢的音乐,灰姑娘,255589,梁咏琪,8329,花火
354,唔係咁打嘅喜欢的音乐,双双,399364830,李幸倪,8653,双双
355,唔係咁打嘅喜欢的音乐,Sunflower (Spider-Man: Into the Spider-Verse),1318733599,Post Malone,1057092,Spider-Man: Into the Spider-Verse (Soundtrack From & Inspired by the Motion Picture)
356,唔係咁打嘅喜欢的音乐,Goodbyes,1376091996,Post Malone,1057092,Goodbyes
357,唔係咁打嘅喜欢的音乐,Psycho,540596309,Post Malone,1057092,Psycho
358,唔係咁打嘅喜欢的音乐,Any Other Way,26535604,We the Kings,105089,Any Other Way 
359,唔係咁打嘅喜欢的音乐,阁楼,213791,陈慧琳,7235,Stylish Index
360,唔係咁打嘅喜欢的音乐,偷情的礼仪,1380100575,谢安琪,9952,偷情的礼仪
361,唔係咁打嘅喜欢的音乐,荒唐,1457729148,傅菁,27692352,发光体
362,唔係咁打嘅喜欢的音乐,当爱在靠近,254460,刘若英,8326,Love And The City
363,唔係咁打嘅喜欢的音乐,River,402070513,Bishop Briggs,198937,River
364,唔係咁打嘅喜欢的音乐,有没有一首歌会让你想起我,186624,周华健,6456,忘忧草
365,唔係咁打嘅喜欢的音乐,人妻的伪术,571340767,谢安琪,9952,人妻的伪术
366,唔係咁打嘅喜欢的音乐,生而为人,1335350269,尚士达,13608761,生而为人
367,唔係咁打嘅喜欢的音乐,Wrap Me In Plastic,1383205688,CHROMANCE,32965506,Wrap Me In Plastic
368,唔係咁打嘅喜欢的音乐,开一扇窗,274103,李昊嘉,8700,Enchantment
369,唔係咁打嘅喜欢的音乐,今天只做一件事,64803,陈奕迅,2116,H³M
370,唔係咁打嘅喜欢的音乐,Wicked Wonderland (Radio Edit),28694864,Tungevaag,962293,Wicked Wonderland
371,唔係咁打嘅喜欢的音乐,Boulevard Of Broken Dreams,5159464,Green Day,93187,Ultimate Grammy Collection - Contemporary Rock
372,唔係咁打嘅喜欢的音乐,Supermassive Black Hole,21256134,Muse,96267,Supermassive Black Hole
373,唔係咁打嘅喜欢的音乐,Last One Standing,21609176,Simple Plan,42937,Get Your Heart On! (Deluxe)
374,唔係咁打嘅喜欢的音乐,7 rings,1416661689,Ariana Grande,48161,2020 GRAMMY® Nominees
375,唔係咁打嘅喜欢的音乐,听你说,316152,郁可唯,10200,微加幸福
376,唔係咁打嘅喜欢的音乐,mede:mede,33516495,Reol,13059968,極彩色
377,唔係咁打嘅喜欢的音乐,无谓再假,366021,Mr.,12266,If I Am
378,唔係咁打嘅喜欢的音乐,I Think I'm OKAY,1376078581,Machine Gun Kelly,40329,Hotel Diablo
379,唔係咁打嘅喜欢的音乐,Dancing With Your Ghost,1374329431,Sasha Alex Sloan,12646102,Dancing With Your Ghost
380,唔係咁打嘅喜欢的音乐,爱上你,374890,S.H.E,12709,SHERO
381,唔係咁打嘅喜欢的音乐,偶阵雨,254039,梁静茹,8325,爱久见人心
382,唔係咁打嘅喜欢的音乐,Shotgun,545884135,George Ezra,844728,Staying at Tamara's
383,唔係咁打嘅喜欢的音乐,Fast Lane,1406099861,Palm Trees,1135109,Fast Lane
384,唔係咁打嘅喜欢的音乐,Sims,1392786375,Lauv,1057226,~how i'm feeling~
385,唔係咁打嘅喜欢的音乐,香草把噗,5239553,南拳妈妈,12438,K情歌8
386,唔係咁打嘅喜欢的音乐,初恋粉色系,368878,南拳妈妈,12438,调色盘
387,唔係咁打嘅喜欢的音乐,Warriors,29401226,Imagine Dragons,94779,Warriors (Official Anthem of League of Legends 2014 World Championship)
388,唔係咁打嘅喜欢的音乐,It's Time,4128805,Imagine Dragons,94779,It’s Time EP
389,唔係咁打嘅喜欢的音乐,Lights,17654232,Ellie Goulding,56598,Lights
390,唔係咁打嘅喜欢的音乐,I'm Alive,1936601,Shinedown,42968,Avengers Assemble (Music from and Inspired by the Motion Picture)
391,唔係咁打嘅喜欢的音乐,Lie,511332133,NF,981155,Perception
392,唔係咁打嘅喜欢的音乐,Loving Strangers,2788529,Jocelyn Pook,61082,Habitación En Roma
393,唔係咁打嘅喜欢的音乐,Colors,34144937,Halsey,964321,BADLANDS (Deluxe Edition)
394,唔係咁打嘅喜欢的音乐,Die For Me,1389015616,Post Malone,1057092,Hollywood's Bleeding
395,唔係咁打嘅喜欢的音乐,3am,1417057277,Halsey,964321,Manic
396,唔係咁打嘅喜欢的音乐,Castle,34144930,Halsey,964321,BADLANDS (Deluxe Edition)
397,唔係咁打嘅喜欢的音乐,Be Kind,1444959394,Marshmello,1060019,Be Kind
398,唔係咁打嘅喜欢的音乐,Clsr (Aash Mehta Flip),427142481,The Chainsmokers,893484,Clsr (Aash Mehta Flip)
399,唔係咁打嘅喜欢的音乐,Gasoline,34144942,Halsey,964321,BADLANDS (Deluxe Edition)
400,唔係咁打嘅喜欢的音乐,Eastern Europe,19289832,The Stills,44355,Oceans Will Rise
401,唔係咁打嘅喜欢的音乐,光るなら,29732992,Goose house,19618,光るなら
402,唔係咁打嘅喜欢的音乐,Fancy,28427419,Iggy Azalea,60906,The New Classic (Deluxe Version)
403,唔係咁打嘅喜欢的音乐,Anyone of Us (Stupid Mistake),25880423,Gareth Gates,33841,What My Heart Wants To Say
404,唔係咁打嘅喜欢的音乐,Bad Things,477936925,Machine Gun Kelly,40329,bloom
405,唔係咁打嘅喜欢的音乐,Safe and Sound,4016513,Capital Cities,90447,Capital Cities
406,唔係咁打嘅喜欢的音乐,Find U Again,1368546341,Mark Ronson,38898,Late Night Feelings
407,唔係咁打嘅喜欢的音乐,Blurred Lines,26075485,Robin Thicke,41947,Blurred Lines
408,唔係咁打嘅喜欢的音乐,This game,28563214,鈴木このみ,17881,This game
409,唔係咁打嘅喜欢的音乐,Believer,1338149101,Imagine Dragons,94779,Believer
410,唔係咁打嘅喜欢的音乐,Fading,1320697603,Alle Farben,206027,Fading
411,唔係咁打嘅喜欢的音乐,Girl In the Mirror,416700601,Sophia Grace,772131,Girl In the Mirror
412,唔係咁打嘅喜欢的音乐,Sweet Little Lies,1347650968,Bülow,12809019,Sweet Little Lies
413,唔係咁打嘅喜欢的音乐,Black Mascara,27984050,Eliane,56756,Venus & Mars
414,唔係咁打嘅喜欢的音乐,Color Blind,29418632,Matt B,1016164,LOVE AND WAR
415,唔係咁打嘅喜欢的音乐,Pam Pam,29498812,Noel Toto,1019797,Pam Pam
416,唔係咁打嘅喜欢的音乐,In My Mind,437909647,Maty Noyes,12073280,Noyes Complaint
417,唔係咁打嘅喜欢的音乐,Angel of Mine,4388051,The Icarus Account,103216,Keeper of Your Heart
418,唔係咁打嘅喜欢的音乐,相依为命,94639,陈小春,2112,十年选
419,唔係咁打嘅喜欢的音乐,Break My Heart,1433421185,Dua Lipa,1135086,Break My Heart
420,唔係咁打嘅喜欢的音乐,Wait Till You Hear From Me,3405459,Sarah Connor,74616,Bounce
421,唔係咁打嘅喜欢的音乐,Reality,1921734,Richard Sanderson,42456,Dreams Are My Reality
422,唔係咁打嘅喜欢的音乐,Reality,32835377,Lost Frequencies,1039114,Reality
423,唔係咁打嘅喜欢的音乐,Moments Like This,26217020,The Afters,78216,Life Is Beautiful
424,唔係咁打嘅喜欢的音乐,Our Own Heaven,30070142,Masetti,1046349,Dreamer
425,唔係咁打嘅喜欢的音乐,Wherever You Go,26233523,A Rocket to the Moon,85576,Wild & Free
426,唔係咁打嘅喜欢的音乐,Live While We're Young,25882976,One Direction,98351,Take Me Home
427,唔係咁打嘅喜欢的音乐,看不见,1372947837,阿细,1049681,看不见
428,唔係咁打嘅喜欢的音乐,扉の向こうへ,28272052,YeLLOW Generation,22396,鋼の錬金術師 THE BEST
429,唔係咁打嘅喜欢的音乐,Bracelet,563382962,Lauv,1057226,Bracelet
430,唔係咁打嘅喜欢的音乐,Connection,574922126,OneRepublic,98105,Connection
431,唔係咁打嘅喜欢的音乐,灰尘,1386859485,阿细,1049681,灰尘
432,唔係咁打嘅喜欢的音乐,Back to the Start,1337949941,Michael Schulte,40222,Back to the Start
433,唔係咁打嘅喜欢的音乐,Battles and Wastelands,21301195,Neo Retros,97892,Listen to your leader
434,唔係咁打嘅喜欢的音乐,LAST TEXT,1386055783,Jake Miller,776761,LAST TEXT
435,唔係咁打嘅喜欢的音乐,終生老友,1350079138,张诗莉,31569994,終生老友
436,唔係咁打嘅喜欢的音乐,还找不找你,1295186488,阿细,1049681,还找不找你
437,唔係咁打嘅喜欢的音乐,I wanted you,2772113,Ina Wroldsen,60879,Suddenly
438,唔係咁打嘅喜欢的音乐,Love You So Bad,536629601,Ezra Furman,55678,Transangelic Exodus
439,唔係咁打嘅喜欢的音乐,In My Blood,416531514,The Veronicas,102022,In My Blood
440,唔係咁打嘅喜欢的音乐,A Place Called You,27871272,Emma Stevens,817087,Enchanted
441,唔係咁打嘅喜欢的音乐,性情中人,28828440,苏永康,4948,性情中人
442,唔係咁打嘅喜欢的音乐,Imagine Me Without You,2781188,Jaci Velasquez,60984,Diamond (Deluxe Edition)
443,唔係咁打嘅喜欢的音乐,还好有你,526080012,阿细,1049681,还好有你
444,唔係咁打嘅喜欢的音乐,Body Was Made,33232065,Ezra Furman,55678,Perpetual Motion People
445,唔係咁打嘅喜欢的音乐,Circles,1387574419,Post Malone,1057092,Circles
446,唔係咁打嘅喜欢的音乐,Better Man,22463223,Robbie Williams,41928,Sing When You're Winning
447,唔係咁打嘅喜欢的音乐,美しきもの,22782025,Sound Horizon,21306,Roman
448,唔係咁打嘅喜欢的音乐,Dear God,29718122,Logic,1015122,Undeniable
449,唔係咁打嘅喜欢的音乐,Beggin' (Feat. C Dot Castro),29717114,Logic,1015122,Young Sinatra
450,唔係咁打嘅喜欢的音乐,1-800-273-8255,476598254,Logic,1015122,Everybody
451,唔係咁打嘅喜欢的音乐,分手的情书,33075091,邓丽欣,7537,分手的情书
452,唔係咁打嘅喜欢的音乐,同屋主,36664783,邓丽欣,7537,同屋主
453,唔係咁打嘅喜欢的音乐,日久生情,224094,邓丽欣,7537,Dating Stephy
454,唔係咁打嘅喜欢的音乐,再见并不心淡,27867590,容祖儿,9269,再见并不心淡
455,唔係咁打嘅喜欢的音乐,不要离我太远,94219,邓丽欣,7537,Y100+ (Grateful版)
456,唔係咁打嘅喜欢的音乐,夏天的风,298213,温岚,9612,温式效应
457,唔係咁打嘅喜欢的音乐,Believed,1426775927,Lauv,1057226,~how i'm feeling~
458,唔係咁打嘅喜欢的音乐,Reforget,35283291,Lauv,1057226,Lost in the Light
459,唔係咁打嘅喜欢的音乐,Chasing Fire,548649021,Lauv,1057226,Chasing Fire
460,唔係咁打嘅喜欢的音乐,Breathe,434659187,Lauv,1057226,Breathe
461,唔係咁打嘅喜欢的音乐,Lonely Eyes,1426777560,Lauv,1057226,~how i'm feeling~
462,唔係咁打嘅喜欢的音乐,Easy Love,509726800,Lauv,1057226,Easy Love
463,唔係咁打嘅喜欢的音乐,Adrenaline,35283288,Lauv,1057226,Lost in the Light
464,唔係咁打嘅喜欢的音乐,"****, i’m lonely (Ofenbach Remix)",1384375650,Lauv,1057226,"****, i’m lonely (Ofenbach Remix)"
465,唔係咁打嘅喜欢的音乐,Enemies,564000298,Lauv,1057226,I met you when I was 18. (the playlist)
466,唔係咁打嘅喜欢的音乐,I Like Me Better,479223413,Lauv,1057226,I Like Me Better
467,唔係咁打嘅喜欢的音乐,Drugs & The Internet,1358397818,Lauv,1057226,Drugs & The Internet
468,唔係咁打嘅喜欢的音乐,Modern Loneliness,1420888258,Lauv,1057226,~how i'm feeling~
469,唔係咁打嘅喜欢的音乐,Canada,1426775931,Lauv,1057226,~how i'm feeling~
470,唔係咁打嘅喜欢的音乐,영,26143409,李仙姬,125623,영 (이선희 베스트)
471,唔係咁打嘅喜欢的音乐,Waiting For You (feat. Joanna Jones),416011656,Unlike Pluto,860945,Monstercat 027 - Cataclysm
472,唔係咁打嘅喜欢的音乐,Wild World,1698589,Mr. Big,38859,Deep Cuts
473,唔係咁打嘅喜欢的音乐,너의 의미,28557036,IU,160947,꽃갈피
474,唔係咁打嘅喜欢的音乐,Every Breath You Take,19553535,The Police,102017,Every Breath You Take: The Classics
475,唔係咁打嘅喜欢的音乐,Keep You Mine,1381706037,NOTD,12262306,Keep You Mine
476,唔係咁打嘅喜欢的音乐,杂技,26902936,卫兰,9605,Serving You
477,唔係咁打嘅喜欢的音乐,玫瑰花的葬礼,27646687,许嵩,5771,许嵩单曲集
478,唔係咁打嘅喜欢的音乐,微微,1433434738,傅如乔,34613873,微微
479,唔係咁打嘅喜欢的音乐,Here We Are Again,27876900,CAGNET,18918,最新热歌慢摇6
480,唔係咁打嘅喜欢的音乐,Whoz That Girl,5374651,EXID,126721,Holla
481,唔係咁打嘅喜欢的音乐,아예 (Ah Yeah),31384908,EXID,126721,AH YEAH
482,唔係咁打嘅喜欢的音乐,Bali (with Guapdad 4000),1435977644,Rich Brian,12024301,Bali (with Guapdad 4000)
483,唔係咁打嘅喜欢的音乐,보여줄게,26128872,Ailee,125175,Invitation 
484,唔係咁打嘅喜欢的音乐,我会好好的,297780,王心凌,9606,Cyndi With U
485,唔係咁打嘅喜欢的音乐,whatever it takes,1299557101,convolk,12248077,whatever it takes
486,唔係咁打嘅喜欢的音乐,Melody（翻自 青你2） ,1434545801,阿七本七,30707272,拯救麦乐迪
487,唔係咁打嘅喜欢的音乐,Fight as ONE,1437165631,陈奕迅,2116,Fight as ONE
488,唔係咁打嘅喜欢的音乐,四季,437802725,陈奕迅,2116,四季
489,唔係咁打嘅喜欢的音乐,掌心,385727,无印良品,13190,掌心
490,唔係咁打嘅喜欢的音乐,身边,385511,无印良品,13190,珍重 95-99分手纪念精选辑
491,唔係咁打嘅喜欢的音乐,All Out,550709260,johnny yukon,12290316,All Out
492,唔係咁打嘅喜欢的音乐,Roll Up,470687200,johnny yukon,12290316,Roll Up
493,唔係咁打嘅喜欢的音乐,Glimmer,536622565,LIONE,11986064,Glimmer
494,唔係咁打嘅喜欢的音乐,Socialite,545151975,Ana Zimmer,250740,The Foreplay
495,唔係咁打嘅喜欢的音乐,Treat You Better,415904452,Shawn Mendes,956238,Treat You Better
496,唔係咁打嘅喜欢的音乐,A Thousand Years,28788849,Christina Perri,52979,The Twilight Saga Forever Love Songs
497,唔係咁打嘅喜欢的音乐,I'm Not the Only One,28586064,Sam Smith,740216,In The Lonely Hour
498,唔係咁打嘅喜欢的音乐,Fractures,507585220,ILLENIUM,1050518,Awake
499,唔係咁打嘅喜欢的音乐,Yasuo,502678329,MMZ-BOY,1205022,Yasuo(亚索)
500,唔係咁打嘅喜欢的音乐,glow,476638468,H△G,996276,声 ~VOCALOID Cover Album~
501,唔係咁打嘅喜欢的音乐,요술 공주 밍키,477331473,V.A.,21138,엄마 아빠를 위한 추억의 동요
502,唔係咁打嘅喜欢的音乐,Mad Love,538768446,Sean Paul,43033,Mad Love The Prequel
503,唔係咁打嘅喜欢的音乐,Cheap Thrills,403711269,Sia,74625,Cheap Thrills (feat. Sean Paul)
504,唔係咁打嘅喜欢的音乐,Make You Mine (feat. Moa Lisa),1416662334,Mike Williams,302020,Make You Mine (feat. Moa Lisa)
505,唔係咁打嘅喜欢的音乐,I Knew You Were Trouble,525427197,Taylor Swift,44266,Lost Economies - VOL.20
506,唔係咁打嘅喜欢的音乐,Without Me,1315367060,Halsey,964321,Without Me
507,唔係咁打嘅喜欢的音乐,Nom Nom Nom Nom Nom Nom Nom,21471226,Parry Gripp,72448,Nom Nom Nom Nom Nom Nom Nom - Single
508,唔係咁打嘅喜欢的音乐,Beautiful,1298111231,Bazzi,12262073,Beautiful
509,唔係咁打嘅喜欢的音乐,Two at a time,1399983531,AGA,768208,Two at a time
510,唔係咁打嘅喜欢的音乐,Butterfly,1379819365,MIYAVI,14732,NO SLEEP TILL TOKYO
511,唔係咁打嘅喜欢的音乐,Way Back Into Love,5046372,Haley Bennett,912120,Music and Lyrics (Music from the Motion Picture)
512,唔係咁打嘅喜欢的音乐,God of ink,484056472,mpi,12475614,Re:CREATORS Original Soundtrack
513,唔係咁打嘅喜欢的音乐,Samurai 45,1379821181,MIYAVI,14732,NO SLEEP TILL TOKYO
514,唔係咁打嘅喜欢的音乐,Believer (TØm Bootleg),505686239,TØm,12604740,Believer (TØm Bootleg)
515,唔係咁打嘅喜欢的音乐,几分之几 (You Complete Me),530995517,卢广仲,3690,几分之几
516,唔係咁打嘅喜欢的音乐,그대에게,26485740,申海哲,124669,The Best Of Shin Hae Chul Struggling
517,唔係咁打嘅喜欢的音乐,걱정말아요 그대,28068737,野菊花,128245,들국화
518,唔係咁打嘅喜欢的音乐,Psycho（英文版）（翻自 Red Velvet） ,1422461666,SWAGGER,34330154,Psycho（英文版）
519,唔係咁打嘅喜欢的音乐,have a nice day,1425270471,浅葱喵asagiinyo,33165159,have a nice day
520,唔係咁打嘅喜欢的音乐,风恋歌,1418131597,恋恋故人难,32041318,风恋歌
521,唔係咁打嘅喜欢的音乐,Better Than Revenge,1343458286,Taylor Swift,44266,Be My Anti-Valentine
522,唔係咁打嘅喜欢的音乐,Move Up (Lost Gravity),545165146,Mr. Polska,1161187,Ibiza 2016
523,唔係咁打嘅喜欢的音乐,Right Now (Na Na Na),16375205,Akon,27595,Right Now (Na Na Na)
524,唔係咁打嘅喜欢的音乐,再见悲哀,28838055,林忆莲,8336,我最喜爱的Eric Kwok作品展
525,唔係咁打嘅喜欢的音乐,Wrong,1357425794,Luh Kel,31508096,Wrong
526,唔係咁打嘅喜欢的音乐,Peppermint Lips,483242395,Krizin,1193202,Peppermint Lips
527,唔係咁打嘅喜欢的音乐,E.T.,2871185,Katy Perry,62888,E.T.
528,唔係咁打嘅喜欢的音乐,Sparks Fly,1340520626,Taylor Swift,44266,Hot Songs For Cold Days
529,唔係咁打嘅喜欢的音乐,また君と,29743607,JAY'ED,14410,また君と
530,唔係咁打嘅喜欢的音乐,Lalala,1373835581,Y2K,1049208,Lalala
531,唔係咁打嘅喜欢的音乐,summertime,531786301,cinnamons,12603665,summertime
532,唔係咁打嘅喜欢的音乐,Long Shot,422977912,Trademark,12145030,Long Shot
533,唔係咁打嘅喜欢的音乐,不谓侠,491274636,萧忆情,0,春日迟迟
534,唔係咁打嘅喜欢的音乐,Sk8er Boi,2117894,Avril Lavigne,46490,Sk8er Boi
535,唔係咁打嘅喜欢的音乐,Roses,32639368,The Chainsmokers,893484,Roses
536,唔係咁打嘅喜欢的音乐,나항상 그대를,5350959,李仙姬,125623,My Life + Best
537,唔係咁打嘅喜欢的音乐,청춘,5392945,Sanulrim,127605,가지마오
538,唔係咁打嘅喜欢的音乐,혜화동,424474255,动物园,126606,다시가본 동물원
539,唔係咁打嘅喜欢的音乐,いつも何度でも,22715757,竹仲絵里,17921,記憶の森のジブリ
540,唔係咁打嘅喜欢的音乐,Let's Twist Again,16976907,Chubby Checker,30182,Let's Twist Again
541,唔係咁打嘅喜欢的音乐,いつも何度でも,584155,伊藤サチコ,16605,ジブリを聴きながら、上を向いて歩こう
542,唔係咁打嘅喜欢的音乐,Right Here Waiting,5223439,Richard Marx,72725,Burning Hearts Herzschmerz & The Real Sad Songs
543,唔係咁打嘅喜欢的音乐,아무노래,1416378346,Zico,160347,아무노래
544,唔係咁打嘅喜欢的音乐,Viva la Vida,3986040,Coldplay,89365,Viva la Vida
545,唔係咁打嘅喜欢的音乐,信口开河,64269,侧田,2117,我没有变过 爱的习惯
546,唔係咁打嘅喜欢的音乐,越吻越伤心,110796,苏永康,4948,林夕字传
547,唔係咁打嘅喜欢的音乐,Old Town Road,1351219081,Lil Nas X,31646483,Old Town Road
548,唔係咁打嘅喜欢的音乐,Ma direction,27959259,Sexion d'Assaut,101352,Best of
549,唔係咁打嘅喜欢的音乐,歌谣,502242110,李荣浩,4292,歌谣
550,唔係咁打嘅喜欢的音乐,Mama Mariya,27955244,Zhanna Friske,85261,最新热歌慢摇34
551,唔係咁打嘅喜欢的音乐,Done for Me (feat. Kehlani),544199008,Charlie Puth,90331,Voicenotes
552,唔係咁打嘅喜欢的音乐,comethru,1307996767,Jeremy Zucker,12096183,"summer,"
553,唔係咁打嘅喜欢的音乐,这个年纪,35476049,齐一,1159045,这个年纪
554,唔係咁打嘅喜欢的音乐,99 Problems,18299274,Hugo,12054237,Old Tyme Religion
555,唔係咁打嘅喜欢的音乐,一刀七段（动画《刺客伍六七》主题曲粤语版）,1351973198,bermudy,29397593,一刀七段
556,唔係咁打嘅喜欢的音乐,In My Feelings,574926602,Drake,53283,Scorpion
557,唔係咁打嘅喜欢的音乐,Macarena,26947355,Los del Rio,64499,Line Dance 2000
558,唔係咁打嘅喜欢的音乐,Everybody,26657845,Backstreet Boys,88148,100 Hits: Pop
559,唔係咁打嘅喜欢的音乐,One Mint Julep,1315076241,The Clovers,78717,One Mint Julep
560,唔係咁打嘅喜欢的音乐,buttercup,1353428173,Jack Stauber,31333489,buttercup
561,唔係咁打嘅喜欢的音乐,放棄治療,510953935,Serrini樹妮妮,916007,Don't Text Him
562,唔係咁打嘅喜欢的音乐,Lean On,30854130,Major Lazer,96309,Lean On
563,唔係咁打嘅喜欢的音乐,牵丝戏,30352891,银临,188565,牵丝戏
564,唔係咁打嘅喜欢的音乐,All Rise,5162502,Blue,88145,Top of the Pops 2001
565,唔係咁打嘅喜欢的音乐,あなただけ見つめてる,4990423,大黒摩季,17480,THE BEST OF TV ANIMATION SLAM DUNK~Single Collection~
566,唔係咁打嘅喜欢的音乐,夜空ノムコウ,818283,SMAP,21311,夜空ノムコウ
567,唔係咁打嘅喜欢的音乐,Stacy,1384361802,Quinn XCII,12043047,Stacy (Original + Acoustic)
568,唔係咁打嘅喜欢的音乐,Something in the Water,16768397,Brooke Fraser,48636,Something in the Water
569,唔係咁打嘅喜欢的音乐,Let Me Down Slowly,1338098071,Alec Benjamin,1028104,Let Me Down Slowly
570,唔係咁打嘅喜欢的音乐,I Want You to Know,30706066,Zedd,46376,I Want You to Know
571,唔係咁打嘅喜欢的音乐,Fireflies,1807836,Owl City,40859,Ocean Eyes (Deluxe Edition)
572,唔係咁打嘅喜欢的音乐,あなたに愛たくて,491484238,AZU,15998,Two of Us
573,唔係咁打嘅喜欢的音乐,Hey Jude,485070728,It's a Cover Up,12262523,It's a Battle
574,唔係咁打嘅喜欢的音乐,Dance Monkey,1364343491,Tones and I,32152093,Dance Monkey
575,唔係咁打嘅喜欢的音乐,句号,1405283464,G.E.M.邓紫棋,7763,摩天动物园
576,唔係咁打嘅喜欢的音乐,Rescue Me,1365844416,OneRepublic,98105,Rescue Me
577,唔係咁打嘅喜欢的音乐,Consequences,528568994,Camila Cabello,12136039,Camila
578,唔係咁打嘅喜欢的音乐,South of the Border (feat. Camila Cabello & Cardi B) [Cheat Codes Remix],1393008523,Ed Sheeran,33184,South of the Border (feat. Camila Cabello & Cardi B) [Cheat Codes Remix]
579,唔係咁打嘅喜欢的音乐,Real Friends,522511239,Camila Cabello,12136039,Real Friends
580,唔係咁打嘅喜欢的音乐,Havana,494865824,Camila Cabello,12136039,Havana
581,唔係咁打嘅喜欢的音乐,麻雀,1407551413,李荣浩,4292,麻雀
582,唔係咁打嘅喜欢的音乐,Heathens,417911175,twenty one pilots,784190,Heathens
583,唔係咁打嘅喜欢的音乐,Why Do You Love Me,1378371552,Charlotte Lawrence,12335330,Why Do You Love Me
584,唔係咁打嘅喜欢的音乐,Fashion,34144578,The Royal Concept,104353,Smile 
585,唔係咁打嘅喜欢的音乐,Sweet but Psycho,1300528275,Ava Max,14486166,Sweet but Psycho
586,唔係咁打嘅喜欢的音乐,世间美好与你环环相扣,1363948882,柏松,31876221,听闻余生
587,唔係咁打嘅喜欢的音乐,superlit,509612912,Garrett Nash,1137226,superlit
588,唔係咁打嘅喜欢的音乐,Complicated,493283657,Dimitri Vegas & Like Mike,791298,Complicated
589,唔係咁打嘅喜欢的音乐,Let It Be Me,1388644358,Steve Aoki,43608,Let It Be Me
590,唔係咁打嘅喜欢的音乐,Dessert,31273679,Dawin,1046081,Dessert
591,唔係咁打嘅喜欢的音乐,Jumpshot,424155395,Dawin,1046081,Sunday
592,唔係咁打嘅喜欢的音乐,"Take Me Back To London (Remix) [feat. Stormzy, Jaykae & Aitch]",1385725211,Ed Sheeran,33184,"Take Me Back To London (Remix) [feat. Stormzy, Jaykae & Aitch]"
593,唔係咁打嘅喜欢的音乐,소주 한잔,441489531,俞胜恩,792800,싱데렐라 스페셜 헌정송 2탄
594,唔係咁打嘅喜欢的音乐,OVERDOSE,1404497059,ØMI,12535245,OVERDOSE
595,唔係咁打嘅喜欢的音乐,My Own Dance,1405083231,Kesha,63901,My Own Dance
596,唔係咁打嘅喜欢的音乐,One More Try (from & Juliet),1405028585,Jessie J,62662,One More Try (from & Juliet)
597,唔係咁打嘅喜欢的音乐,Blueming,1404511131,IU,160947,Love poem
598,唔係咁打嘅喜欢的音乐,Love poem,1404511139,IU,160947,Love poem
599,唔係咁打嘅喜欢的音乐,Leyla,1347133940,Mesto,12007184,Leyla
600,唔係咁打嘅喜欢的音乐,Sweet Talk,436633101,Saint Motel,101913,Move
601,唔係咁打嘅喜欢的音乐,3AM,469508217,AGA,768208,3AM
602,唔係咁打嘅喜欢的音乐,细界,1332566421,阿细,1049681,阿细
603,唔係咁打嘅喜欢的音乐,너랑 나,5346672,IU,160947,Last Fantasy
604,唔係咁打嘅喜欢的音乐,푸르던,35848033,IU,160947,CHAT-SHIRE
605,唔係咁打嘅喜欢的音乐,좋은 날,22677859,IU,160947,Real
606,唔係咁打嘅喜欢的音乐,스물셋,35848032,IU,160947,CHAT-SHIRE
607,唔係咁打嘅喜欢的音乐,복숭아,5346651,IU,160947,스무 살의 봄
608,唔係咁打嘅喜欢的音乐,봄 사랑 벚꽃 말고,28391219,High4,905037,봄 사랑 벚꽃 말고
609,唔係咁打嘅喜欢的音乐,잼잼,473873434,IU,160947,Palette
610,唔係咁打嘅喜欢的音乐,삐삐,1316563427,IU,160947,삐삐
611,唔係咁打嘅喜欢的音乐,Push My Luck,1401530822,The Chainsmokers,893484,World War Joy
612,唔係咁打嘅喜欢的音乐,旧好,27678741,关楚耀,2861,Breakout
613,唔係咁打嘅喜欢的音乐,What is Love?,551340976,TWICE,1161043,What is Love?
614,唔係咁打嘅喜欢的音乐,Mad,17470716,Ne-Yo,40423,Year Of The Gentleman
615,唔係咁打嘅喜欢的音乐,Cradles,1338490248,Sub Urban,29722383,Cradles
616,唔係咁打嘅喜欢的音乐,Man on a Mission,465920383,Oh The Larceny,12333048,Oh the Larceny
617,唔係咁打嘅喜欢的音乐,愿得一人心,22854159,李行亮,4093,愿得一人心
618,唔係咁打嘅喜欢的音乐,蜂鸟,1348568908,吴青峰,187229,蜂鸟
619,唔係咁打嘅喜欢的音乐,POP/STARS,1321385655,K/DA,30611063,POP/STARS
620,唔係咁打嘅喜欢的音乐,LUV,29753373,Apink,126277,Pink LUV
621,唔係咁打嘅喜欢的音乐,팔레트,473873431,IU,160947,Palette
622,唔係咁打嘅喜欢的音乐,Before You Break My Heart,1940312,Stevie Hoang,42958,All For You
623,唔係咁打嘅喜欢的音乐,Theme from Mission: Impossible,5057039,Larry Mullen Jr.,218966,Mission: Impossible (Music From And Inspired By The Motion Picture)
624,唔係咁打嘅喜欢的音乐,Stay With Me（翻自 Punch/朴灿烈） ,1347529350,KCJIN锦,30284952,stay with me (韩翻)
625,唔係咁打嘅喜欢的音乐,Pacific Rim,26625301,Ramin Djawadi,41992,Pacific Rim: Original Motion Picture Soundtrack
626,唔係咁打嘅喜欢的音乐,庐州月,167850,许嵩,5771,寻雾启示
627,唔係咁打嘅喜欢的音乐,Better Now,555974038,Post Malone,1057092,beerbongs & bentleys
628,唔係咁打嘅喜欢的音乐,Till You Drop,1321896802,ItaloBrothers,94730,Till You Drop
629,唔係咁打嘅喜欢的音乐,山楂树之恋,1381755293,程佳佳,31802946,山楂树之恋 (完整版)
630,唔係咁打嘅喜欢的音乐,Thunder / Young Dumb & Broke (Medley),525063410,Imagine Dragons,94779,Thunder / Young Dumb & Broke (Medley)
631,唔係咁打嘅喜欢的音乐,Beautiful Girl,30987373,레게 강 같은 평화 (RGP),159554,Beautiful Girl
632,唔係咁打嘅喜欢的音乐,Inside Out,1309975421,ItaloBrothers,94730,Inside Out
633,唔係咁打嘅喜欢的音乐,Reset,33684399,Tiger JK,126600,Who Are You School
634,唔係咁打嘅喜欢的音乐,Memories,1392089153,Maroon 5,96266,Memories
635,唔係咁打嘅喜欢的音乐,LOVE SCENARIO,1311347412,iKON,1011143,RETURN
636,唔係咁打嘅喜欢的音乐,难为自己,25657576,卫兰,9605,Imagine
637,唔係咁打嘅喜欢的音乐,Complicated,2117962,Avril Lavigne,46490,Angus Drive
638,唔係咁打嘅喜欢的音乐,Mr.Taxi,29535436,少女时代,126793,THE BEST ~New Edition~
639,唔係咁打嘅喜欢的音乐,Gee,29535435,少女时代,126793,THE BEST ~New Edition~
640,唔係咁打嘅喜欢的音乐,Here's To Never Growing Up,26145391,Avril Lavigne,46490,Here's To Never Growing Up
641,唔係咁打嘅喜欢的音乐,Fiction,22826954,Beast,126377,Fiction and Fact
642,唔係咁打嘅喜欢的音乐,PLAYING WITH FIRE,1325898351,BLACKPINK,12068017,BLACKPINK IN YOUR AREA
643,唔係咁打嘅喜欢的音乐,BOOMBAYAH,1325711419,BLACKPINK,12068017,BLACKPINK IN YOUR AREA
644,唔係咁打嘅喜欢的音乐,WHISTLE,1325898350,BLACKPINK,12068017,BLACKPINK IN YOUR AREA
645,唔係咁打嘅喜欢的音乐,"Psycho, Pt. 2",440208643,Russ,241588,"Psycho, Pt. 2"
646,唔係咁打嘅喜欢的音乐,Fight Song,29803675,Rachel Platten,74518,Fight Song
647,唔係咁打嘅喜欢的音乐,Young Dumb & Broke,462895657,Khalid,301757,American Teen
648,唔係咁打嘅喜欢的音乐,AS IF IT’S YOUR LAST,1325898352,BLACKPINK,12068017,BLACKPINK IN YOUR AREA
649,唔係咁打嘅喜欢的音乐,YES or YES,1323035774,TWICE,1161043,YES or YES
650,唔係咁打嘅喜欢的音乐,DDU-DU DDU-DU,1325896374,BLACKPINK,12068017,BLACKPINK IN YOUR AREA
651,唔係咁打嘅喜欢的音乐,一直很安静,5260494,阿桑,7061,Listen To HIM
652,唔係咁打嘅喜欢的音乐,Like a Cat,35253020,AOA,126312,Ace of Angels
653,唔係咁打嘅喜欢的音乐,Still Falls The Rain,412902495,AOA,126312,Good Luck
654,唔係咁打嘅喜欢的音乐,Roly Poly,1337268383,T-ara,127815,Mixed Genres
655,唔係咁打嘅喜欢的音乐,Lovey-Dovey (Japanese Version),22704421,T-ara,127815,Jewelry Box
656,唔係咁打嘅喜欢的音乐,우리 사랑했잖아,22704424,T-ara,127815,Funky Town
657,唔係咁打嘅喜欢的音乐,DAY BY DAY (Japanese Ver.),26089233,T-ara,127815,**** Love (Japanese ver.)(通常盤)
658,唔係咁打嘅喜欢的音乐,好きだよ。~100回の後悔~ (English Ver.),28613731,Che'Nelle,52065,ラブ・ソングス2
659,唔係咁打嘅喜欢的音乐,Seven Nation Army,26933374,Ben l'oncle Soul,213907,Vintage Pop
660,唔係咁打嘅喜欢的音乐,葉桜,22711998,北乃きい,16818,Can you hear me?
661,唔係咁打嘅喜欢的音乐,逢うたび好きになって,22647932,BRIGHT,18717,BRIGHT
662,唔係咁打嘅喜欢的音乐,終わりの世界から,676508,やなぎなぎ,18303,終わりの惑星のLove Song
663,唔係咁打嘅喜欢的音乐,bad guy,1355147933,Billie Eilish,11972054,"WHEN WE ALL FALL ASLEEP, WHERE DO WE GO?"
664,唔係咁打嘅喜欢的音乐,信徒,25702167,吴雨霏,9615,My January (Deluxe Version)
665,唔係咁打嘅喜欢的音乐,Genie,29535434,少女时代,126793,THE BEST ~New Edition~
666,唔係咁打嘅喜欢的音乐,彩虹天堂,120255,刘畊宏,3737,彩虹天堂
667,唔係咁打嘅喜欢的音乐,寂寞沙洲冷 (Live),33916775,周传雄,6652,周传雄2006上海七夕演唱会
668,唔係咁打嘅喜欢的音乐,さくら 〜あなたに出会えてよかった〜,805197,RSP,21140,さくら 〜あなたに出会えてよかった〜
669,唔係咁打嘅喜欢的音乐,Welcome to New York (Big Apple Version),488876810,A.M.7.,12598485,Welcome to New York (Big Apple Version)
670,唔係咁打嘅喜欢的音乐,Solo,557704117,Clean Bandit,754010,Solo
671,唔係咁打嘅喜欢的音乐,Sugar Free (S. Tiger Remix),505913362,T ara,12776398,Sugar Free EDM Club Edition
672,唔係咁打嘅喜欢的音乐,永遠,31010800,BoA,125237,歌姫プレミア-White-
673,唔係咁打嘅喜欢的音乐,Bad Girl,28844139,少女时代,126793,The Best
674,唔係咁打嘅喜欢的音乐,Hard To Handle,19290193,The Black Crowes,44368,Shake Your Money Maker
675,唔係咁打嘅喜欢的音乐,1年2ヶ月20日,22647928,BRIGHT,18717,BRIGHT
676,唔係咁打嘅喜欢的音乐,All Falls Down,515453363,Alan Walker,1045123,All Falls Down
677,唔係咁打嘅喜欢的音乐,SAKURA,26160588,Che'Nelle,52065,ラブ・ソングス
678,唔係咁打嘅喜欢的音乐,Fly By II,22208910,Blue,88145,Best Of Blue
679,唔係咁打嘅喜欢的音乐,Whisper Something,28099920,Aaron Sprinkle,28156,Water & Guns
680,唔係咁打嘅喜欢的音乐,花好月圆,27927910,黄艺明,3337,热门华语157
681,唔係咁打嘅喜欢的音乐,Kiss Fight (Ben Phipps Remix),516750031,Tülpa,12108155,Kiss Fight (Ben Phipps Remix)
682,唔係咁打嘅喜欢的音乐,You Me and The Silence,534931162,LOVA,13163116,You Me and The Silence
683,唔係咁打嘅喜欢的音乐,Drama,1337130734,Hannie,12073011,Drama
684,唔係咁打嘅喜欢的音乐,Musical Fiction,523251137,Rudy Mancuso,12935117,Musical Fiction
685,唔係咁打嘅喜欢的音乐,Pathetic,1305875823,Ninajirachi,12279106,Pathetic
686,唔係咁打嘅喜欢的音乐,How to Love (feat. Sofia Reyes),418602116,Cash Cash,50905,"Blood, Sweat & 3 Years"
687,唔係咁打嘅喜欢的音乐,Lambo,512296074,Steve Reece,1147021,Lambo
688,唔係咁打嘅喜欢的音乐,Vacation,436514415,Damon Empero,12145093,Vacation
689,唔係咁打嘅喜欢的音乐,Holiday,18127593,Green Day,93187,Holiday
690,唔係咁打嘅喜欢的音乐,距离,5250033,吴雨霏,9615,金牌主题曲
691,唔係咁打嘅喜欢的音乐,我本人,298250,吴雨霏,9615,我本人
692,唔係咁打嘅喜欢的音乐,座右铭,298489,吴雨霏,9615,Kary 18 Cuts
693,唔係咁打嘅喜欢的音乐,All About You,515549314,Madden,12046301,All About You
694,唔係咁打嘅喜欢的音乐,Mine (Illenium Remix),30780496,ILLENIUM,1050518,Mine (Illenium Remix)
695,唔係咁打嘅喜欢的音乐,Love mail,3203393,Nicoleta Matei,70193,Love Mail
696,唔係咁打嘅喜欢的音乐,Ce Frumoasa E Iubirea,2698075,Giulia,59153,Primul Pas
697,唔係咁打嘅喜欢的音乐,水星记,441491828,郭顶,2843,飞行器的执行周期
698,唔係咁打嘅喜欢的音乐,Heartbeats,2175282,Amy Deasismont,12049097,Swings and Roundabouts
699,唔係咁打嘅喜欢的音乐,No Roots,444324644,Alice Merton,12202371,No Roots EP
700,唔係咁打嘅喜欢的音乐,我的秘密,233974,G.E.M.邓紫棋,7763,A.I.N.Y. 爱你
701,唔係咁打嘅喜欢的音乐,Someone You Loved,1323911406,Lewis Capaldi,12474140,BREACH
702,唔係咁打嘅喜欢的音乐,Different World,1328047738,Alan Walker,1045123,Different World
703,唔係咁打嘅喜欢的音乐,Star Sky,31654478,Two Steps From Hell,102714,Battlecry
704,唔係咁打嘅喜欢的音乐,理想对象,329696,郑秀文,10571,Feel So Good
705,唔係咁打嘅喜欢的音乐,Curiosity,2313952,Carly Rae Jepsen,50934,Curiosity
706,唔係咁打嘅喜欢的音乐,Good Time,17706562,Owl City,40859,Good Time
707,唔係咁打嘅喜欢的音乐,忘了时间的钟,87978,古巨基,2849,忘了时间的钟
708,唔係咁打嘅喜欢的音乐,I Do,28256115,911,46396,I Do
709,唔係咁打嘅喜欢的音乐,The Girl That's Underneath,543988541,Jake Miller,776761,Silver Lining
710,唔係咁打嘅喜欢的音乐,94340634,121531,刘浩龙,3751,All The Best
711,唔係咁打嘅喜欢的音乐,爱的双重魔力,344406,By2,11097,成人礼
712,唔係咁打嘅喜欢的音乐,万里挑一(Yin-Yang),1320097108,FOX胡天渝,1199064,福无双至·终章
713,唔係咁打嘅喜欢的音乐,Wouldn't It Be Nice,5042210,The Beach Boys,78204,The Boat That Rocked (Movie Soundtrack)
714,唔係咁打嘅喜欢的音乐,Eye of the Tiger,21699108,Survivor,74854,Eye Of The Tiger
715,唔係咁打嘅喜欢的音乐,心安理得,474739467,王天戈,12390184,心安理得
716,唔係咁打嘅喜欢的音乐,sweets parade,809268,花澤香菜,16456,妖狐×僕SS ENDING SONG Vol.3
717,唔係咁打嘅喜欢的音乐,End Of The Night,1324159296,Danny Avila,471420,End Of The Night
718,唔係咁打嘅喜欢的音乐,American Boy,24953423,Estelle,55568,2009 GRAMMY Nominees
719,唔係咁打嘅喜欢的音乐,walking proud,22737703,浜崎あゆみ,16405,MY STORY
720,唔係咁打嘅喜欢的音乐,A Song for ××,26085043,浜崎あゆみ,16405,A Song for ××
721,唔係咁打嘅喜欢的音乐,End roll (new vocal),22737948,浜崎あゆみ,16405,A BEST
722,唔係咁打嘅喜欢的音乐,momentum,22737666,浜崎あゆみ,16405,Secret
723,唔係咁打嘅喜欢的音乐,Moments,22737701,浜崎あゆみ,16405,MY STORY
724,唔係咁打嘅喜欢的音乐,Love Song,22737525,浜崎あゆみ,16405,Love Songs
725,唔係咁打嘅喜欢的音乐,Secret,22737658,浜崎あゆみ,16405,Secret
726,唔係咁打嘅喜欢的音乐,I'm Not Yours,29732652,蔡依林,7219,呸
727,唔係咁打嘅喜欢的音乐,SEASONS,22737357,浜崎あゆみ,16405,A SUMMER BEST
728,唔係咁打嘅喜欢的音乐,芒种（粤语版）,1386852924,雪霏岚岚,12084011,芒种（粤语翻唱）
729,唔係咁打嘅喜欢的音乐,芒种,1369798757,音阙诗听,12174521,二十四节气
730,唔係咁打嘅喜欢的音乐,MY ALL,22737627,浜崎あゆみ,16405,GUILTY
731,唔係咁打嘅喜欢的音乐,Edge Of My Life,28878559,Manafest,66455,The Moment 
732,唔係咁打嘅喜欢的音乐,All Or Nothing,461519702,Lost Frequencies,1039114,All Or Nothing
733,唔係咁打嘅喜欢的音乐,Bad Girlfriend [Explicit],21915564,Theory of a Deadman,78215,Scars & Souvenirs (Special Edition)
734,唔係咁打嘅喜欢的音乐,Run To,27914279,Lisa Crawley,428169,All in My Head
735,唔係咁打嘅喜欢的音乐,你的微笑,354601,F.I.R.,11562,F.I.R.同名专辑
736,唔係咁打嘅喜欢的音乐,动态回顾,1335803260,石咏莉,9409,动态回顾
737,唔係咁打嘅喜欢的音乐,If I Can't Have You,1362857141,Shawn Mendes,956238,If I Can't Have You
738,唔係咁打嘅喜欢的音乐,Señorita,1373168742,Shawn Mendes,956238,Señorita
739,唔係咁打嘅喜欢的音乐,深海少女,857619,のぶなが,191321,voices in a bottle ～海を越え届いた歌声～
740,唔係咁打嘅喜欢的音乐,願い~あの頃のキミへ~,488388942,當山みれい,954456,Negai - EP
741,唔係咁打嘅喜欢的音乐,i BELIEVE ~星に愿いを,831459,So'Fly,160724,i BELIEVE ~星に愿いを
742,唔係咁打嘅喜欢的音乐,死亡之吻,476081526,关楚耀,2861,死亡之吻
743,唔係咁打嘅喜欢的音乐,情感的废墟,1380100493,麦浚龙,4483,情感的废墟
744,唔係咁打嘅喜欢的音乐,願い~あの頃のキミへ~ Acoustic ver.,543988578,當山みれい,954456,Dear My Boo
745,唔係咁打嘅喜欢的音乐,きみにとどけ,528047,タニザワトモフミ,15610,きみにとどけ
746,唔係咁打嘅喜欢的音乐,世界は恋に落ちている,28891491,CHiCO with HoneyWorks,1049332,世界は恋に落ちている
747,唔係咁打嘅喜欢的音乐,あなたに出会わなければ~夏雪冬花~,560079,Aimer,16152,あなたに出会わなければ〜夏雪冬花〜/星屑ビーナス
748,唔係咁打嘅喜欢的音乐,そばにいるね,555142,青山テルマ,16017,そばにいるね
749,唔係咁打嘅喜欢的音乐,僕らの手には何もないけど、,32317208,RAM WIRE,21162,僕らの手には何もないけど、
750,唔係咁打嘅喜欢的音乐,狂々撫子,409326722,加藤有加利,18341,PARALLEL WORLD ~episode.0~
751,唔係咁打嘅喜欢的音乐,最佳损友,65800,陈奕迅,2116,Life Continues…
752,唔係咁打嘅喜欢的音乐,Ref:rain,536623501,Aimer,16152,Ref:rain / 眩いばかり
753,唔係咁打嘅喜欢的音乐,Arigato,417043707,Julie Bergan,896964,Arigato
754,唔係咁打嘅喜欢的音乐,思觉失调,121639,刘浩龙,3751,START UP
755,唔係咁打嘅喜欢的音乐,理想三旬,31445772,陈鸿宇,1058228,浓烟下的诗歌电台
756,唔係咁打嘅喜欢的音乐,僕が死のうと思ったのは,26830207,中島美嘉,160729,僕が死のうと思ったのは
757,唔係咁打嘅喜欢的音乐,You Need To Calm Down,1371516984,Taylor Swift,44266,You Need To Calm Down
758,唔係咁打嘅喜欢的音乐,Messy Girl,500637550,Morri3on(喬凡三),12083225,Messy Girl
759,唔係咁打嘅喜欢的音乐,修炼爱情,25727803,林俊杰,3684,因你 而在
760,唔係咁打嘅喜欢的音乐,優しい詩。,28283406,RSP,21140,優しい詩。
761,唔係咁打嘅喜欢的音乐,男の勲章 - 试听版,1325711600,今日俺バンド,30618562,
762,唔係咁打嘅喜欢的音乐,All Of The Lights,18969206,Kanye West,37520,My Beautiful Dark Twisted Fantasy
763,唔係咁打嘅喜欢的音乐,Super Star,375762,S.H.E,12709,Super Star
764,唔係咁打嘅喜欢的音乐,你给我听好,28481103,陈奕迅,2116,rice & shine
765,唔係咁打嘅喜欢的音乐,I Gotta Feeling,3949384,Black Eyed Peas,88146,The E.N.D
766,唔係咁打嘅喜欢的音乐,Hotel California (2013 Remaster),26289183,Eagles,91725,The Studio Albums 1972-1979 (2013 Remaster)
767,唔係咁打嘅喜欢的音乐,The Sound Of Silence,5113327,Simon & Garfunkel,185017,Afscheid
768,唔係咁打嘅喜欢的音乐,Get Lucky,26349642,Daft Punk,90513,Random Access Memories
769,唔係咁打嘅喜欢的音乐,Oh Pretty Woman,1877048,Roy Orbison,41949,Orbisongs
770,唔係咁打嘅喜欢的音乐,Stressed Out,31654490,twenty one pilots,784190,Blurryface
771,唔係咁打嘅喜欢的音乐,Somebody That I Used To Know,17939827,Gotye,34376,Making Mirrors
772,唔係咁打嘅喜欢的音乐,从未到过的地方,27534146,王心凌,9606,从未到过的地方
773,唔係咁打嘅喜欢的音乐,伤心的人别听慢歌 (Live),541511123,S.H.E,12709,2GETHER 4EVER ENCORE 演唱会影音馆
774,唔係咁打嘅喜欢的音乐,孙悟空,386173,五月天,13193,神的孩子都在跳舞
775,唔係咁打嘅喜欢的音乐,黑暗骑士,25794008,林俊杰,3684,因你 而在
776,唔係咁打嘅喜欢的音乐,恋爱ing,385973,五月天,13193,知足 最真杰作选
777,唔係咁打嘅喜欢的音乐,倔强,386175,五月天,13193,神的孩子都在跳舞
778,唔係咁打嘅喜欢的音乐,温柔,386538,五月天,13193,我们是五月天
779,唔係咁打嘅喜欢的音乐,后来的我们,553310243,五月天,13193,后来的我们
780,唔係咁打嘅喜欢的音乐,指望,316169,郁可唯,10200,蓝短裤
781,唔係咁打嘅喜欢的音乐,雨爱,316100,杨丞琳,10199,Rainie & Love....? 雨爱
782,唔係咁打嘅喜欢的音乐,下雨天,368764,南拳妈妈,12438,优の良曲 南搞小孩 (新歌+精选)
783,唔係咁打嘅喜欢的音乐,逆光,287057,孙燕姿,9272,逆光
784,唔係咁打嘅喜欢的音乐,约定,85540,光良,2842,约定
785,唔係咁打嘅喜欢的音乐,握不住的他,307566,萧潇,9947,I'm 萧萧
786,唔係咁打嘅喜欢的音乐,Everglow,37239018,Coldplay,89365,Everglow
787,唔係咁打嘅喜欢的音乐,Lock Me Up,28464997,The Cab,44403,Lock Me Up EP
788,唔係咁打嘅喜欢的音乐,Trouble Maker,22843672,Trouble Maker,161330,Trouble Maker
789,唔係咁打嘅喜欢的音乐,Walk Away,2529311,Dia Frampton,55454,Red
790,唔係咁打嘅喜欢的音乐,生きていたんだよな,443875380,あいみょん,1053279,生きていたんだよな
791,唔係咁打嘅喜欢的音乐,Nobody,22813728,Wonder Girls,128048,The Wonder Years - Trilogy
792,唔係咁打嘅喜欢的音乐,Roly Poly,22704441,T-ara,127815,Roly Poly in Copacabana
793,唔係咁打嘅喜欢的音乐,Lost Good Things,27591655,陈光荣,2294,头文字D 电影原声
794,唔係咁打嘅喜欢的音乐,aLIEz,29307041,mizuki (瑞葵),981205,A/Z|aLIEz
795,唔係咁打嘅喜欢的音乐,我知道,344418,By2,11097,Twins
796,唔係咁打嘅喜欢的音乐,还听人劝,554258821,孙子涵,5103,心上认
797,唔係咁打嘅喜欢的音乐,归寻,1370008169,等什么君,30285885,归寻
798,唔係咁打嘅喜欢的音乐,STAND-ALONE,1363303614,Aimer,16152,STAND-ALONE
799,唔係咁打嘅喜欢的音乐,恋愛サーキュレーション,579954,花澤香菜,16456,恋愛サーキュレーション & あとがたり
800,唔係咁打嘅喜欢的音乐,17岁,1306459970,刘德华,3691,Everyone Is No. 1
801,唔係咁打嘅喜欢的音乐,七月七日晴,307780,许慧欣,9950,万中选一
802,唔係咁打嘅喜欢的音乐,bad guy - with Justin Bieber,1377450530,Billie Eilish,11972054,bad guy (with Justin Bieber)
803,唔係咁打嘅喜欢的音乐,HiKARiE (English x guitar version),25706320,miwa,17120,ホイッスル ~君と過ごした日々~(初回限定A盤)
804,唔係咁打嘅喜欢的音乐,ヒカリヘ,619482,miwa,17120,ヒカリヘ
805,唔係咁打嘅喜欢的音乐,人非草木,25639351,吴雨霏,9615,My January
806,唔係咁打嘅喜欢的音乐,Bila,28613576,Candy,35873634,Candy
807,唔係咁打嘅喜欢的音乐,Monitor-42,22676855,林ゆうき,14202,フジテレビ系ドラマ「リーガル・ハイ」オリジナルサウンドトラック
808,唔係咁打嘅喜欢的音乐,show time !!!!,22676861,林ゆうき,14202,フジテレビ系ドラマ「リーガル・ハイ」オリジナルサウンドトラック
809,唔係咁打嘅喜欢的音乐,LEGAL-HIGH,22676843,林ゆうき,14202,フジテレビ系ドラマ「リーガル・ハイ」オリジナルサウンドトラック
810,唔係咁打嘅喜欢的音乐,Intervention!,2106305,Young and Divine,46237,Spring Sampler
811,唔係咁打嘅喜欢的音乐,Vacation,28468491,Truslow,909026,Truslow
812,唔係咁打嘅喜欢的音乐,Sunny Day,2786189,Joy Williams,61047,Songs from This - EP
813,唔係咁打嘅喜欢的音乐,Pink Champagne,448749148,Nick Lopez,12249046,Pink Champagne
814,唔係咁打嘅喜欢的音乐,女神のKISS,495789,PES,15236,女神のKISS
815,唔係咁打嘅喜欢的音乐,纯音乐,391706,亚龙大,13447,亚龙大
816,唔係咁打嘅喜欢的音乐,不一定,515796159,刘浩龙,3751,不一定
817,唔係咁打嘅喜欢的音乐,恢复自由,121487,刘浩龙,3751,All The Best
818,唔係咁打嘅喜欢的音乐,绯闻男友,121500,刘浩龙,3751,All The Best
819,唔係咁打嘅喜欢的音乐,Walk Thru Fire ,1322460396,Vicetone,747030,Monstercat Instinct Vol. 2
820,唔係咁打嘅喜欢的音乐,爱情36计,400161745,蔡依林,7219,爱舞炫 盛装舞曲精选
821,唔係咁打嘅喜欢的音乐,布拉格广场,210049,蔡依林,7219,看我72变
822,唔係咁打嘅喜欢的音乐,说爱你,210042,蔡依林,7219,看我72变
823,唔係咁打嘅喜欢的音乐,倒带,209758,蔡依林,7219,J-Top冠军精选
824,唔係咁打嘅喜欢的音乐,明日晴れるかな,26144177,桑田佳祐,159291,桑田さんのお仕事 07/08 ~魅惑のAVマリアージュ
825,唔係咁打嘅喜欢的音乐,ピースサイン,485355004,米津玄師,159300,ピースサイン
826,唔係咁打嘅喜欢的音乐,明日、僕は君に会いに行く。,863974,ワカバ,22354,明日、僕は君に会いに行く。
827,唔係咁打嘅喜欢的音乐,Bigcitydreams,21267236,Never Shout Never,40447,Yipee
828,唔係咁打嘅喜欢的音乐,Trouble Is A Friend,16607971,Lenka,64143,Lenka
829,唔係咁打嘅喜欢的音乐,Class Historian,29365648,BRONCHO,1015040,Just Enough Hip To Be Woman
830,唔係咁打嘅喜欢的音乐,Shutterbug,428203132,Glenna,12107487,Shutterbug
831,唔係咁打嘅喜欢的音乐,The Lazy Song,25657280,Bruno Mars,178059,Doo-Wops & Hooligans
832,唔係咁打嘅喜欢的音乐,浪花一朵朵,5272970,任贤齐,4895,流浪汉
833,唔係咁打嘅喜欢的音乐,Don't Worry Be Happy,2701514,Holly Dolly,59252,Pretty Donkey Girl
834,唔係咁打嘅喜欢的音乐,You Make My Day,19268122,Tom Hugo,45438,Sundry Tales
835,唔係咁打嘅喜欢的音乐,Your Man,1494060,Josh Turner,35385,Your Man
836,唔係咁打嘅喜欢的音乐,Rhythm Of The Rain,18668453,Jason Donovan,35397,Let It Be Me
837,唔係咁打嘅喜欢的音乐,Lemon Tree,27180681,Fool's Garden,92442,Die Ultimative Chartshow (Die Erfolgreichsten One-Hit-Wonder)
838,唔係咁打嘅喜欢的音乐,水手,190381,郑智化,6468,私房歌
839,唔係咁打嘅喜欢的音乐,星星点灯,190352,郑智化,6468,星星点灯
840,唔係咁打嘅喜欢的音乐,Stupid Cupid,5053125,Mandy Moore,66363,The Princess Diaries (Original Soundtrack)
841,唔係咁打嘅喜欢的音乐,Yesterday Once More,3986241,Carpenters,89363,Yesterday Once More: Greatest Hits 1969-1983
842,唔係咁打嘅喜欢的音乐,U Make Me Wanna,16858400,Blue,88145,One Love
843,唔係咁打嘅喜欢的音乐,One Last Time,37239772,Stevie Hoang,42958,One Last Time
844,唔係咁打嘅喜欢的音乐,Show You Off,1940393,Stevie Hoang,42958,Summer Love
845,唔係咁打嘅喜欢的音乐,All Night Long,1940613,Stevie Hoang,42958,All Night Long
846,唔係咁打嘅喜欢的音乐,Sexual Healing,2538549,Elize,55579,In Control
847,唔係咁打嘅喜欢的音乐,California,2119491,Akia,46516,Atruprncss [EP]
848,唔係咁打嘅喜欢的音乐,Crush,572166420,Tessa Violet,897075,Crush
849,唔係咁打嘅喜欢的音乐,Bad Ideas,1326439375,Tessa Violet,897075,Bad Ideas
850,唔係咁打嘅喜欢的音乐,放生,5256956,范逸臣,2736,再爱一次
851,唔係咁打嘅喜欢的音乐,Problem,28461430,Ariana Grande,48161,Problem
852,唔係咁打嘅喜欢的音乐,Need You Now (iTunes Session),4154790,Lady A,95456,iTunes Session
853,唔係咁打嘅喜欢的音乐,White Lie,1610477,Jhameel,37264,Waves
854,唔係咁打嘅喜欢的音乐,Bomb Digga Woo,444548120,Jhameel,37264,Bomb Digga Woo
855,唔係咁打嘅喜欢的音乐,Let You Go,26436106,Jake Miller,776761,The Road Less Traveled
856,唔係咁打嘅喜欢的音乐,Rumors,33071205,Jake Miller,776761,Rumors
857,唔係咁打嘅喜欢的音乐,那年下雪的时候,33479926,By2,11097,Cat and Mouse
858,唔係咁打嘅喜欢的音乐,爱丫爱丫,344442,By2,11097,16未成年
859,唔係咁打嘅喜欢的音乐,Rains In L.A.,19168799,Scouting for Girls,74716,The Light Between Us
860,唔係咁打嘅喜欢的音乐,极速,192746,郑伊健,6491,Discover
861,唔係咁打嘅喜欢的音乐,Ice cream,4872517,DnR,226558,家好月圆 电视剧原声带
862,唔係咁打嘅喜欢的音乐,封神 (电视版本),34002434,陈浩民,2138,封神榜 电视原声带
863,唔係咁打嘅喜欢的音乐,连续剧,27511754,容祖儿,9269,连续剧
864,唔係咁打嘅喜欢的音乐,续集,27906318,容祖儿,9269,续集
865,唔係咁打嘅喜欢的音乐,Everybody Hurts,16431979,Avril Lavigne,46490,Goodbye Lullaby
866,唔係咁打嘅喜欢的音乐,Hypnotize Me,30987772,Taylor Berrett,45432,Great Falls
867,唔係咁打嘅喜欢的音乐,Best of 2012: Payphone/Call Me Maybe/Wide Awake/Starship/We Are Young,33418570,Anthem Lights,86862,Anthem Lights Covers
868,唔係咁打嘅喜欢的音乐,Where Are You Now,27896556,Union J,763059,Union J (Deluxe)
869,唔係咁打嘅喜欢的音乐,Turnin',28859948,Young Rising Sons,947185,Young Rising Sons
870,唔係咁打嘅喜欢的音乐,Netflix Trip,487454619,AJR,88089,The Click
871,唔係咁打嘅喜欢的音乐,Wildflower,552650454,Ida Red,13128157,Wildflower
872,唔係咁打嘅喜欢的音乐,Famous,522647397,Ivy Adara,12925126,Famous
873,唔係咁打嘅喜欢的音乐,When the Summer Ends,1294110653,Savoir Adore,100380,When the Summer Ends
874,唔係咁打嘅喜欢的音乐,Life Is Wonderful,1474868,Jason Mraz,35332,Introducing... Jason Mraz
875,唔係咁打嘅喜欢的音乐,Innocence,16431842,Avril Lavigne,46490,The Best Damn Thing (Deluxe Edition)
876,唔係咁打嘅喜欢的音乐,Older,1323832567,Sasha Alex Sloan,12646102,Older
877,唔係咁打嘅喜欢的音乐,Cliche Love Song (Original Version),28576653,Basim,742069,Cliche Love Song
878,唔係咁打嘅喜欢的音乐,Good Day,438803640,DNCE,1150261,DNCE
879,唔係咁打嘅喜欢的音乐,Wonder What You're Doing for the Rest of Your Life,29004010,Train,44343,Bulletproof Picasso
880,唔係咁打嘅喜欢的音乐,Gotta Go Home,28850418,Mirah,1049841,最新热歌慢摇73
881,唔係咁打嘅喜欢的音乐,Price Tag,18794244,Jessie J,62662,Price Tag
882,唔係咁打嘅喜欢的音乐,Want To Want Me,30903821,Jason Derulo,35511,Want To Want Me
883,唔係咁打嘅喜欢的音乐,マイ・フレンド,4990427,ZARD,18349,THE BEST OF TV ANIMATION SLAM DUNK~Single Collection~
884,唔係咁打嘅喜欢的音乐,On the Radio,4083478,Groove Coverage,93186,21st Century Digital Girl [Universal]
885,唔係咁打嘅喜欢的音乐,Traveling Light,1491585,Joel Hanson,35375,Traveling Light
886,唔係咁打嘅喜欢的音乐,Stitches,31090820,Shawn Mendes,956238,Handwritten (Deluxe)
887,唔係咁打嘅喜欢的音乐,Trouble Is A Friend,16607987,Lenka,64143,Trouble Is A Friend - The Remixes
888,唔係咁打嘅喜欢的音乐,Bye Bye Bye,4164331,Lovestoned,95748,Rising Love
889,唔係咁打嘅喜欢的音乐,Home,26470630,Michael Bublé,38855,It's A Beautiful Day
890,唔係咁打嘅喜欢的音乐,We Are Young (feat. Janelle Monáe),17910220,Fun.,92453,Some Nights
891,唔係咁打嘅喜欢的音乐,Love You Like the Movies,29498914,Anthem Lights,86862,Escape
892,唔係咁打嘅喜欢的音乐,Free Loop,5253801,Daniel Powter,31187,"Cf, Movie & Drama Hits 广告，开麦拉！"
893,唔係咁打嘅喜欢的音乐,Wrecking Ball,17721274,Frankmusik,33368,Do It In The AM
894,唔係咁打嘅喜欢的音乐,What Are Words,1210461,Chris Medina,30899,What Are Words
895,唔係咁打嘅喜欢的音乐,Locked Away,406072193,OutaMatic,1181741,Locked Away (Maddie Wilson & Madilyn Paige) [OutaMatic Remix]
896,唔係咁打嘅喜欢的音乐,All Time Low,461544312,Kurt Hugo Schneider,37962,All Time Low
897,唔係咁打嘅喜欢的音乐,Beautiful Now,32019002,Zedd,46376,True Colors
898,唔係咁打嘅喜欢的音乐,The Ocean,436514221,Mike Perry,195021,Dream Dance Vol.81
899,唔係咁打嘅喜欢的音乐,倒数,1299550532,G.E.M.邓紫棋,7763,另一个童话
900,唔係咁打嘅喜欢的音乐,Closer,423228325,The Chainsmokers,893484,Closer
901,唔係咁打嘅喜欢的音乐,Hollaback Girl,18078228,Gwen Stefani,57958,Hollaback Girl
902,唔係咁打嘅喜欢的音乐,21,41641585,RAiNBOW计划,1047139,黄
903,唔係咁打嘅喜欢的音乐,Come and Get Your Love,28864241,Redbone,73866,Guardians of the Galaxy (Deluxe)
904,唔係咁打嘅喜欢的音乐,Perfect,460043703,Ed Sheeran,33184,÷ (Deluxe)
905,唔係咁打嘅喜欢的音乐,Superheroes,29307029,The Script,102028,No Sound Without Silence
906,唔係咁打嘅喜欢的音乐,最近,114369,李圣杰,3705,音乐十年李圣杰唯一精选
907,唔係咁打嘅喜欢的音乐,午夜怨曲,346079,Beyond,11127,Beyond 25th Anniversary
908,唔係咁打嘅喜欢的音乐,Shoot to Thrill,3879500,AC/DC,85502,Iron Man 2
909,唔係咁打嘅喜欢的音乐,Back In Black,3879508,AC/DC,85502,Iron Man 2
910,唔係咁打嘅喜欢的音乐,We Are the Champions,1868480,Queen,41906,Absolute Greatest
911,唔係咁打嘅喜欢的音乐,房间,27867140,刘瑞琦,840134,房间
912,唔係咁打嘅喜欢的音乐,"i hate u, i love u (feat. olivia o'brien)",34229234,Garrett Nash,1137226,"i hate u, i love u (feat. olivia o'brien)"
913,唔係咁打嘅喜欢的音乐,Back to You,557584451,Selena Gomez,140196,Back to You
914,唔係咁打嘅喜欢的音乐,Counting Down To Christmas,442991820,Campsite Dream,1146068,Counting Down To Christmas
915,唔係咁打嘅喜欢的音乐,Drop In The Ocean,35314133,Omi,938058,Me 4 U
916,唔係咁打嘅喜欢的音乐,Bailando,28306220,Enrique Iglesias,32662,*** and Love
917,唔係咁打嘅喜欢的音乐,Breathless,19081569,Shayne Ward,42935,Breathless
918,唔係咁打嘅喜欢的音乐,争气 (Live In Hong Kong / 2015),40140638,容祖儿,9269,Joey Yung X Hacken Lee Concert 2015
919,唔係咁打嘅喜欢的音乐,君が好きだと叫びたい,4990422,BAAD,18711,THE BEST OF TV ANIMATION SLAM DUNK~Single Collection~
920,唔係咁打嘅喜欢的音乐,In a World Like This,26571055,Backstreet Boys,88148,In a World Like This
921,唔係咁打嘅喜欢的音乐,This Is Us,3949584,Backstreet Boys,88148,This Is Us
922,唔係咁打嘅喜欢的音乐,I Want It That Way,3950552,Backstreet Boys,88148,I Want It That Way
923,唔係咁打嘅喜欢的音乐,As Long as You Love Me,3950792,Backstreet Boys,88148,Backstreet Boys (US Version)
924,唔係咁打嘅喜欢的音乐,When I Was Your Man,25657229,Bruno Mars,178059,When I Was Your Man
925,唔係咁打嘅喜欢的音乐,All of Me,27556211,John Legend,35342,Love In The Future
926,唔係咁打嘅喜欢的音乐,东南西北十二圈,447279286,陈丹虹,12192036,广州梦想
927,唔係咁打嘅喜欢的音乐,雨蝶,258235,李翊君,8353,情爱怨女
928,唔係咁打嘅喜欢的音乐,GRRRLS,515647696,AViVA,12074178,GRRRLS
929,唔係咁打嘅喜欢的音乐,野孩子,316486,杨千嬅,10204,千嬅盛放
930,唔係咁打嘅喜欢的音乐,可惜我是水瓶座,316654,杨千嬅,10204,Simply Me
931,唔係咁打嘅喜欢的音乐,"Hey Mama (feat. Nicki Minaj, Bebe Rexha & Afrojack)",29747517,David Guetta,31211,Listen
932,唔係咁打嘅喜欢的音乐,你爱我像谁,25729827,张卫健,6464,剧力万钧 高收视主题曲精选
933,唔係咁打嘅喜欢的音乐,花花宇宙,215239,陈慧琳,7235,花花宇宙
934,唔係咁打嘅喜欢的音乐,Cake by the Ocean,35845278,DNCE,1150261,Swaay
935,唔係咁打嘅喜欢的音乐,不如跳舞,214626,陈慧琳,7235,飞吧
936,唔係咁打嘅喜欢的音乐,Shut up and Dance,29382788,Walk The Moon,105441,Shut up and Dance
937,唔係咁打嘅喜欢的音乐,Can't Hold Us,26244634,Macklemore,40036,MTV Hits Vol.3
938,唔係咁打嘅喜欢的音乐,I Remember,3026583,MOCCA,66349,My Diary
939,唔係咁打嘅喜欢的音乐,葫芦金刚,5263408,王迟,223801,记忆的符号-中国电影百年寻音集 CD19
940,唔係咁打嘅喜欢的音乐,Morrie Note,22843786,Morrie,125762,Don’t Listen To This Music If You Are Happy
941,唔係咁打嘅喜欢的音乐,阿Sam与阿Tam (Happy Together Version),479398157,谭咏麟,5205,阿Sam与阿Tam (Happy Together Version)
942,唔係咁打嘅喜欢的音乐,Ça Ira,26407811,Joyce Jonathan,36858,Ça Ira
943,唔係咁打嘅喜欢的音乐,Bitty Boppy Betty,18212701,Pink Martini,70833,Splendor in the Grass
944,唔係咁打嘅喜欢的音乐,Amireux,1383635,Gérard Darmon,33899,On S'Aime
945,唔係咁打嘅喜欢的音乐,Paloma Blanca,5223019,George Baker Selection,34025,40 Hits 1975 - 1979
946,唔係咁打嘅喜欢的音乐,Walkashame,29984443,Meghan Trainor,69173,Title (Deluxe)
947,唔係咁打嘅喜欢的音乐,Can't Take My Eyes Off You,25699022,王若琳,9604,The Adult Storybook
948,唔係咁打嘅喜欢的音乐,Soldier,27969800,Samantha Jade,74738,Soldier
949,唔係咁打嘅喜欢的音乐,开学礼,4875002,李克勤,3699,剧力万钧 高收视主题曲精选
950,唔係咁打嘅喜欢的音乐,明知不知傻痴痴,29336409,周丽淇,10604,明知不知傻痴痴
951,唔係咁打嘅喜欢的音乐,究竟海有几深,192341,张智霖,6487,ChiLam What is Love IIOII
952,唔係咁打嘅喜欢的音乐,江山,28636518,马德钟,4508,《洪武三十二》 电视原声带
953,唔係咁打嘅喜欢的音乐,咪话唔就你,27927934,胡杏儿,7931,热门华语158
954,唔係咁打嘅喜欢的音乐,皆大欢喜,313771,薛家燕,10041,皆大欢笑
955,唔係咁打嘅喜欢的音乐,爱与诚,86849,古巨基,2849,大雄
956,唔係咁打嘅喜欢的音乐,情歌王,86279,古巨基,2849,我还是你的 - 情歌王
957,唔係咁打嘅喜欢的音乐,必杀技,86943,古巨基,2849,游戏 基
958,唔係咁打嘅喜欢的音乐,劲歌金曲,86771,古巨基,2849,劲歌.金曲
959,唔係咁打嘅喜欢的音乐,Shooting Stars,27108022,Bag Raiders,88332,Shooting Stars EP
960,唔係咁打嘅喜欢的音乐,Bad Boy,1304402380,Tungevaag & Raaban,1090022,Bad Boy
961,唔係咁打嘅喜欢的音乐,Parties,484365611,Jake Miller,776761,2:00am in LA
962,唔係咁打嘅喜欢的音乐,Old Time Rock & Roll,1098827,Bob Seger,29426,Stranger in Town
963,唔係咁打嘅喜欢的音乐,Iron Man,18524183,Ramin Djawadi,41992,Iron Man (Original Motion Picture Soundtrack)
964,唔係咁打嘅喜欢的音乐,钟无艳,308353,谢安琪,9952,3/8(新歌+精选)
965,唔係咁打嘅喜欢的音乐,山林道,427595574,谢安琪,9952,山林道
966,唔係咁打嘅喜欢的音乐,We Are Never Ever Getting Back Together,1343458283,Taylor Swift,44266,Be My Anti-Valentine
967,唔係咁打嘅喜欢的音乐,醉人的一晚,115739,李克勤,3699,一千零一夜
968,唔係咁打嘅喜欢的音乐,Driving Around,26625677,Pitbull,41143,International Takeover
969,唔係咁打嘅喜欢的音乐,More,2065688,Usher,45564,More
970,唔係咁打嘅喜欢的音乐,A Brand New Day,16612803,Lisa Miskovsky,64222,Fallingwater
971,唔係咁打嘅喜欢的音乐,You Know What?,37906423,Madeline Juno,896584,Salvation
972,唔係咁打嘅喜欢的音乐,为何又是这样错,328667,郑秀文,10571,电影金曲精选
973,唔係咁打嘅喜欢的音乐,喜帖街,308299,谢安琪,9952,Binary
974,唔係咁打嘅喜欢的音乐,亲爱的,139558,潘玮柏,4723,零零七
975,唔係咁打嘅喜欢的音乐,友共情,87211,古巨基,2849,基情年代
976,唔係咁打嘅喜欢的音乐,Replay,501326901,Cire,344911,Replay
977,唔係咁打嘅喜欢的音乐,None Of My Business,1318822532,Cher Lloyd,53041,None Of My Business
978,唔係咁打嘅喜欢的音乐,Delicate (Sawyr And Ryan Tedder Mix),567447085,Taylor Swift,44266,Delicate (Sawyr And Ryan Tedder Mix)
979,唔係咁打嘅喜欢的音乐,...Ready For It? (BloodPop® Remix),522617477,Taylor Swift,44266,...Ready For It? (BloodPop® Remix)
980,唔係咁打嘅喜欢的音乐,ME! (feat. Brendon Urie of Panic! At The Disco),1361348080,Taylor Swift,44266,ME! (feat. Brendon Urie of Panic! At The Disco)
981,唔係咁打嘅喜欢的音乐,Ich will immer wieder... dieses Fieber spür'n,22349811,Helene Fischer,60252,So Wie Ich Bin
982,唔係咁打嘅喜欢的音乐,Lollipop,1695569,Mika,38849,Relax (Take It Easy) / Lollipop
983,唔係咁打嘅喜欢的音乐,Lay It All On Me,34852287,Rudimental,42870,We the Generation (Deluxe Edition)
984,唔係咁打嘅喜欢的音乐,Lollipop,25849538,Mika,38849,Life In Cartoon Motion (Japan Edition)
985,唔係咁打嘅喜欢的音乐,Grenade,27514868,Bruno Mars,178059,Grenade
986,唔係咁打嘅喜欢的音乐,Tired,479219347,Alan Walker,1045123,Tired
987,唔係咁打嘅喜欢的音乐,Try Try Try,1474821,Jason Mraz,35332,Try Try Try
988,唔係咁打嘅喜欢的音乐,生命树,25702173,吴雨霏,9615,My January (Deluxe Version)
989,唔係咁打嘅喜欢的音乐,I Got You,437480940,Bebe Rexha,336466,I Got You
990,唔係咁打嘅喜欢的音乐,Home,518895654,Machine Gun Kelly,40329,Bright: The Album
991,唔係咁打嘅喜欢的音乐,"Me, Myself & I",35447075,G-Eazy,820036,"Me, Myself & I"
992,唔係咁打嘅喜欢的音乐,In the Name of Love,423227295,Martin Garrix,780003,In the Name of Love
993,唔係咁打嘅喜欢的音乐,Talking to the Moon,25657274,Bruno Mars,178059,It´s Better If You Don´t Understand
994,唔係咁打嘅喜欢的音乐,I'm a Mess,572720629,Bebe Rexha,336466,Expectations
995,唔係咁打嘅喜欢的音乐,Unbelievable,32835004,Owl City,40859,Unbelievable
996,唔係咁打嘅喜欢的音乐,Hero,17061616,Charlotte Perrelli,51059,Hero
997,唔係咁打嘅喜欢的音乐,Do It (Single Mix),27959901,The Bosshoss,103603,Do It
998,唔係咁打嘅喜欢的音乐,演唱会,65459,陈奕迅,2116,Listen To Eason Chan
999,唔係咁打嘅喜欢的音乐,Lines,516765349,Bülow,12809019,Damaged Vol. 1
